repeat,alternative_tempering,n_filter_particles,n_sample_particles,theta_hat,rmse,particle_sd,accept_rate,final_temp,n_final_particles,n_iterations
0,True,25,25,1.084931289439497,0.0849312894394969,0.11466174183271127,0.019199999999999995,0.9985792569204216,25,8
1,True,25,25,1.0546390840875848,0.05463908408758478,0.04169044484797331,0.0048,0.9982207286893713,25,9
2,True,25,25,1.0093104606783434,0.009310460678343402,0.06913974608857656,0.032,0.9990341311601724,25,7
3,True,25,25,1.107597930159263,0.10759793015926311,0.09311154881541144,0.023999999999999994,0.9980366018615163,25,8
4,True,25,25,1.149825157863797,0.14982515786379702,0.10132014457004167,0.0064,0.9987105138611336,25,7
5,True,25,25,1.073618840178253,0.07361884017825293,0.0824084691534038,0.0128,0.9986563082397847,25,8
6,True,25,25,1.0017219721856658,0.001721972185665832,0.10828233365503884,0.032,0.9989560256266515,25,8
7,True,25,25,1.0961208163669411,0.09612081636694114,0.08768231832019567,0.016,0.9988471580846927,25,7
8,True,25,25,0.9700170685028996,0.029982931497100407,0.06160404968681865,0.0064,0.9989999327065338,25,7
9,True,25,25,0.990857228700923,0.009142771299077035,0.0648151959941916,0.0416,0.9989132484985102,25,7
0,True,25,50,1.0718637139277434,0.07186371392774338,0.137359869418244,0.0336,0.9988160158492105,50,7
1,True,25,50,1.0388882807056783,0.03888828070567829,0.12792280285713523,0.024000000000000004,0.9989858252742398,50,7
2,True,25,50,1.045302545881633,0.04530254588163296,0.1113240376382085,0.0376,0.9987457315890659,50,7
3,True,25,50,1.0248993360352658,0.02489933603526584,0.08787522390381156,0.0088,0.998297746967276,50,8
4,True,25,50,0.9802872822798377,0.019712717720162254,0.14170284675451908,0.023200000000000002,0.9987540473304526,50,7
5,True,25,50,1.0223045612917883,0.02230456129178826,0.10464546750716135,0.039200000000000006,0.9987559585618445,50,7
6,True,25,50,1.1266166249484444,0.1266166249484444,0.10052828803365121,0.036800000000000006,0.9989799115111979,50,7
7,True,25,50,1.135948830670782,0.1359488306707819,0.13196046347837212,0.023200000000000002,0.9986819458034746,50,8
8,True,25,50,1.0097803112861847,0.009780311286184729,0.09725923912576893,0.0256,0.99912220225265,50,7
9,True,25,50,1.0494368810731256,0.049436881073125605,0.09538073280814177,0.0024,0.9981861139640813,50,7
0,True,25,100,1.0051981980277103,0.005198198027710266,0.12283226234626653,0.030800000000000008,0.9988804595780743,100,7
1,True,25,100,1.0358187287303184,0.03581872873031844,0.14002228870490785,0.018800000000000004,0.9985963516841307,100,8
2,True,25,100,1.070640623724307,0.0706406237243069,0.14531855486651898,0.0252,0.9989070298223443,100,7
3,True,25,100,1.080039419268809,0.08003941926880898,0.09952477489963492,0.039200000000000006,0.9989141051391698,100,7
4,True,25,100,0.9838237436598486,0.016176256340151407,0.14447889157486593,0.0136,0.9987457682667644,100,7
5,True,25,100,1.0766718246424227,0.07667182464242273,0.09553596176435179,0.0432,0.9990282410896315,100,7
6,True,25,100,1.017226516781072,0.0172265167810719,0.12027335768491136,0.032400000000000005,0.9988835096646744,100,7
7,True,25,100,1.0826215105314896,0.08262151053148958,0.08034722761116762,0.011600000000000001,0.9986015189850547,100,8
8,True,25,100,1.0547236805305267,0.054723680530526675,0.1154881141794899,0.0208,0.9989538053164635,100,7
9,True,25,100,1.0573011753268693,0.05730117532686929,0.11568653801370053,0.030400000000000003,0.9987663387625035,100,7
0,True,50,25,1.1240944213834325,0.12409442138343252,0.09570343798114962,0.017599999999999998,0.9982758570396308,25,6
1,True,50,25,1.0163964225451767,0.016396422545176703,0.0702925688905691,0.0192,0.9978244956010061,25,7
2,True,50,25,1.02890336105665,0.028903361056650034,0.1198452174198366,0.0352,0.9983580117631845,25,7
3,True,50,25,0.9293017247167024,0.07069827528329764,0.06277053226864322,0.0064,0.9972692055922351,25,7
4,True,50,25,1.080741563464365,0.0807415634643649,0.10884992717883955,0.024000000000000004,0.9985582657807306,25,6
5,True,50,25,1.0340800551964855,0.03408005519648549,0.18082935847091242,0.027200000000000002,0.9983918962937695,25,7
6,True,50,25,0.9185108570044979,0.08148914299550214,0.03250747910476656,0.0032,0.9967922353965719,25,8
7,True,50,25,0.9957407813030185,0.004259218696981537,0.18052038261827066,0.016,0.997840528223158,25,7
8,True,50,25,1.0474568237409168,0.047456823740916754,0.14774588765080127,0.038400000000000004,0.9984741099095578,25,7
9,True,50,25,0.9568366967864536,0.043163303213546445,0.11408923739450867,0.04,0.9982456911549678,25,7
0,True,50,50,1.1194899128498055,0.11948991284980548,0.07975159204850481,0.044,0.9985393806145602,50,7
1,True,50,50,1.088664112949729,0.08866411294972898,0.09742595639713147,0.039200000000000006,0.9982757401098461,50,7
2,True,50,50,1.0607940555721147,0.0607940555721147,0.11602901762535842,0.02480000000000001,0.9981550704252955,50,7
3,True,50,50,1.040950689110112,0.040950689110111904,0.17887305943335355,0.039200000000000006,0.9984750087247849,50,7
4,True,50,50,1.0848085707770379,0.08480857077703785,0.09282840582320438,0.011199999999999996,0.997623871391287,50,7
5,True,50,50,1.1960157379109766,0.1960157379109766,0.05105790734137957,0.012000000000000002,0.9981350233039489,50,7
6,True,50,50,0.9817705524312828,0.01822944756871725,0.0662296587623219,0.0048,0.9980853411384785,50,8
7,True,50,50,1.07574781141386,0.07574781141385989,0.12124159123195336,0.016,0.997303947172458,50,8
8,True,50,50,1.059143533534192,0.059143533534192105,0.09115023245535375,0.0152,0.9985648647111288,50,7
9,True,50,50,0.9850515889107618,0.014948411089238167,0.11471335960485676,0.008,0.9980886306800061,50,7
0,True,50,100,1.1442590375187944,0.14425903751879443,0.0908698739214866,0.0088,0.9981972205718953,100,8
1,True,50,100,0.8980887865189241,0.1019112134810759,0.15590824582006096,0.026800000000000004,0.9985969272382913,100,7
2,True,50,100,1.09576485341246,0.09576485341246,0.12261141107891795,0.03760000000000001,0.9982429099409221,100,7
3,True,50,100,1.0458151851087292,0.04581518510872917,0.10372173331687166,0.006400000000000001,0.9980445235961108,100,8
4,True,50,100,1.133564703245396,0.13356470324539593,0.17773164898197322,0.002,0.9979917067594553,100,7
5,True,50,100,0.9706075479485375,0.02939245205146246,0.12102004542674168,0.044400000000000016,0.9987292815716748,100,7
6,True,50,100,0.9459176182678108,0.054082381732189155,0.12215187527000615,0.0104,0.9979475074758433,100,8
7,True,50,100,1.049312453073825,0.049312453073824924,0.12085716642073793,0.026000000000000002,0.9982979012047124,100,7
8,True,50,100,0.9818299712565165,0.0181700287434835,0.11790977092790958,0.028800000000000003,0.9983910963374989,100,7
9,True,50,100,1.009564860578854,0.009564860578854084,0.1671433704748428,0.032,0.9982395326436506,100,7
0,True,100,25,1.1357074598484254,0.13570745984842536,0.09219116858000309,0.0032,0.9972431910133659,25,7
1,True,100,25,1.0439307211083257,0.04393072110832574,0.1819825262263878,0.017599999999999998,0.996924596578511,25,7
2,True,100,25,1.1639936013267056,0.1639936013267056,0.12746601703568283,0.0272,0.9965218994926865,25,7
3,True,100,25,0.9870257413176046,0.012974258682395434,0.1490698458873053,0.0192,0.9967226632901615,25,6
4,True,100,25,0.9014273566426786,0.09857264335732141,0.23801450372159433,0.016,0.9971851352149796,25,6
5,True,100,25,1.0952710523910572,0.09527105239105715,0.18225381848113897,0.009600000000000001,0.9967115537837092,25,8
6,True,100,25,1.16032379674838,0.16032379674837993,0.05615740539196485,0.0064,0.9974026841543522,25,7
7,True,100,25,0.8981389211602832,0.10186107883971685,0.12615095022386694,0.0064,0.9977569229339274,25,7
8,True,100,25,1.0559787254716029,0.055978725471602875,0.06141235386119886,0.0032,0.9959855838005913,25,8
9,True,100,25,1.0675176927543015,0.06751769275430153,0.07871694826747347,0.027200000000000005,0.9978328057436887,25,7
0,True,100,50,1.080666778650579,0.08066677865057903,0.02113086064768769,0.0064,0.9970946001537292,50,8
1,True,100,50,1.0087927312506857,0.008792731250685693,0.11324273719274687,0.031199999999999995,0.9976858663798905,50,7
2,True,100,50,1.0237677399465475,0.02376773994654746,0.1519861794448558,0.0352,0.9979126333792763,50,7
3,True,100,50,1.0106901625259315,0.010690162525931468,0.2202831786185036,0.047200000000000006,0.9981870087352493,50,7
4,True,100,50,1.043711093392716,0.04371109339271606,0.11433782370744001,0.0208,0.9974139189320188,50,7
5,True,100,50,1.0245116350428192,0.02451163504281917,0.18150286168604168,0.015200000000000002,0.9971941205729811,50,7
6,True,100,50,1.0148860301744818,0.014886030174481757,0.18671975752382794,0.014400000000000001,0.9976754851877668,50,7
7,True,100,50,1.0467292184866452,0.04672921848664524,0.19995285400048884,0.02,0.997454567329249,50,7
8,True,100,50,0.9743414387595508,0.025658561240449185,0.17023973265171505,0.044800000000000006,0.9976428922143041,50,7
9,True,100,50,1.00506688400829,0.005066884008289918,0.14650565654267136,0.018400000000000003,0.9971823962871786,50,7
0,True,100,100,1.034088863288226,0.03408886328822591,0.18157722480767294,0.03200000000000001,0.9978330631007333,100,7
1,True,100,100,0.9904268686314666,0.009573131368533438,0.17344652956341564,0.042800000000000005,0.99797679510083,100,7
2,True,100,100,1.0115987619227775,0.011598761922777534,0.16971215979578075,0.013600000000000001,0.9975608016160444,100,7
3,True,100,100,1.002155422576559,0.002155422576558985,0.15828019820532946,0.0068000000000000005,0.9973373851944223,100,7
4,True,100,100,1.0936853970153657,0.09368539701536571,0.053112788679202994,0.012000000000000002,0.9982158630335979,100,7
5,True,100,100,1.1066852598920374,0.10668525989203737,0.2351672232163901,0.0408,0.9981479292091375,100,7
6,True,100,100,1.0429770764473958,0.04297707644739579,0.19056651320408485,0.0432,0.9979582200676034,100,7
7,True,100,100,1.0033087987328186,0.003308798732818641,0.13049395487750218,0.007600000000000001,0.9971691784120504,100,8
8,True,100,100,0.9894107885080509,0.010589211491949135,0.16062208705766862,0.018000000000000002,0.9976215294944129,100,7
9,True,100,100,1.1068871112408487,0.10688711124084871,0.1227459675627118,0.04880000000000002,0.9982120369244423,100,7
0,False,25,25,1.0847213800022197,0.08472138000221974,7.178590803455803e-06,0.049600000000000005,2.0404131023633365,25,42
1,False,25,25,1.0567464906981359,0.056746490698135865,4.040476193197348e-06,0.044800000000000006,1.2729941193769314,25,62
2,False,25,25,1.0363915191508963,0.036391519150896334,8.051141883004545e-06,0.0368,1.7560674522931352,25,50
3,False,25,25,1.1078445678393478,0.10784456783934782,0.00048431759130467623,0.04,1.9548449984855405,25,45
4,False,25,25,1.1251234046945369,0.12512340469453687,3.591258662189431e-06,0.0432,1.5272379438135206,25,55
5,False,25,25,0.9523185863378291,0.047681413662170935,3.3758140435174433e-06,0.0496,1.9984773574294943,25,45
6,False,25,25,1.1235182044169179,0.12351820441691785,4.2182099787176945e-06,0.0416,1.5751741575450329,25,55
7,False,25,25,0.9978630490769217,0.002136950923078307,2.7547937813223507e-06,0.039999999999999994,1.2922593905625885,25,63
8,False,25,25,1.091893675173816,0.09189367517381597,3.141974574543624e-06,0.0416,1.608347211157846,25,49
9,False,25,25,1.050709679340204,0.050709679340203984,8.060979985987246e-06,0.038400000000000004,1.6152519144816013,25,52
0,False,25,50,1.0520963480003505,0.052096348000350456,0.018957185962112225,0.04880000000000001,1.4397608476145858,50,61
1,False,25,50,1.128772951308716,0.1287729513087159,0.006524656971607092,0.0392,1.4487612991460028,50,62
2,False,25,50,1.0055497844553511,0.005549784455351148,0.014556820410601612,0.046400000000000004,1.6572270713287036,50,54
3,False,25,50,1.0422095843551065,0.042209584355106466,0.007667835934486684,0.04880000000000002,1.388945866895549,50,62
4,False,25,50,1.0214533802285137,0.02145338022851373,0.019393576736144218,0.046400000000000004,1.918200057525575,50,49
5,False,25,50,1.0662661274216352,0.06626612742163518,0.003884633053395082,0.0288,1.4876882346213915,50,61
6,False,25,50,0.9904121181010034,0.00958788189899662,5.691382057552046e-05,0.03520000000000001,1.3492736053794818,50,65
7,False,25,50,1.0237003709627805,0.023700370962780548,0.01058367921684912,0.04000000000000001,1.5165224598441758,50,63
8,False,25,50,1.0612457327637566,0.061245732763756555,6.100420842069432e-05,0.0496,1.5749231168121391,50,59
9,False,25,50,1.0153278939548798,0.015327893954879768,0.005118990640425912,0.046400000000000004,1.7846651638216666,50,54
0,False,25,100,1.1288261132675026,0.1288261132675026,0.05765743264643762,0.042,1.3554864329634992,100,68
1,False,25,100,1.0505874406340936,0.050587440634093594,0.014801230972715056,0.0436,1.5078262549278274,100,62
2,False,25,100,0.9926228215915652,0.00737717840843477,0.007111920914675562,0.044000000000000004,1.3737077014654069,100,65
3,False,25,100,0.9786185075480895,0.021381492451910455,0.01874615463454892,0.0464,1.4426512370352889,100,64
4,False,25,100,1.041172291032774,0.04117229103277409,0.0007660326887460987,0.037600000000000015,1.3082656670725223,100,70
5,False,25,100,1.0699470115291176,0.06994701152911764,0.006609580805550045,0.047200000000000006,1.3141790152253972,100,66
6,False,25,100,0.9753636825403196,0.024636317459680424,0.018653245966334345,0.04800000000000001,1.4862580395846887,100,61
7,False,25,100,0.9401115691031666,0.05988843089683338,0.025342657661632625,0.044800000000000006,1.9759821634916261,100,52
8,False,25,100,0.9838412458507535,0.0161587541492465,0.02750155995253068,0.042,1.4741103232410382,100,64
9,False,25,100,1.0421898015254645,0.042189801525464476,0.0013953602446358977,0.04160000000000001,1.4579950737781013,100,64
0,False,50,25,0.9735905278182124,0.026409472181787574,5.076402450552295e-06,0.0496,1.5206029570681774,25,83
1,False,50,25,0.9828767057386721,0.01712329426132786,2.9844702790363973e-06,0.0336,0.993563282833266,25,102
2,False,50,25,1.0070461597403986,0.007046159740398572,5.6491803213041155e-06,0.0432,0.9968110350932154,25,97
3,False,50,25,0.9550776752367635,0.04492232476323654,5.690386495496933e-06,0.044800000000000006,0.8500542105308573,25,112
4,False,50,25,1.0891976159261951,0.08919761592619513,6.945892168031917e-06,0.049600000000000005,0.9750735466457567,25,101
5,False,50,25,0.9337219247698065,0.06627807523019347,3.867244649963684e-06,0.03359999999999999,1.1037126584555499,25,100
6,False,50,25,0.9412220035829192,0.05877799641708081,1.0556539838084152e-06,0.038400000000000004,1.250259147685399,25,86
7,False,50,25,1.0612052985325184,0.06120529853251844,6.704159835427467e-06,0.04479999999999999,1.0842891034997895,25,96
8,False,50,25,1.1270856869585355,0.1270856869585355,4.941438655192369e-06,0.0352,0.9327982178205332,25,105
9,False,50,25,1.0413678479065358,0.041367847906535804,2.7473597493296984e-06,0.0432,1.0263672288891121,25,100
0,False,50,50,1.0221992463398215,0.02219924633982151,5.5926348692718796e-06,0.04,0.9464395416340221,50,111
1,False,50,50,1.0578508348171294,0.05785083481712938,0.0011211225269434813,0.049600000000000005,1.1035267867594993,50,104
2,False,50,50,1.0207655467390664,0.020765546739066387,6.978633828473972e-06,0.044000000000000004,0.758396138254573,50,130
3,False,50,50,0.9781040864288145,0.021895913571185477,2.2062262485582142e-05,0.0456,0.8947063572003692,50,120
4,False,50,50,1.0067594486075029,0.006759448607502883,1.0427800012693944e-05,0.0288,0.7665329128736404,50,126
5,False,50,50,1.1564070175229706,0.1564070175229706,2.720162940749403e-06,0.0416,0.8094207906900857,50,119
6,False,50,50,0.9986165872376503,0.0013834127623496562,0.004487641240295575,0.0232,0.7931010526476323,50,127
7,False,50,50,1.0039602011288398,0.003960201128839769,4.685509075742065e-05,0.044000000000000004,1.089901273126923,50,103
8,False,50,50,1.0116199885243564,0.011619988524356417,4.5009041208740026e-06,0.03840000000000001,0.9643249230517431,50,114
9,False,50,50,1.0632444064229751,0.06324440642297513,0.00016506014415572658,0.04880000000000001,1.3484708015610218,50,92
0,False,50,100,0.8552125621282136,0.14478743787178638,0.05474072616030541,0.037200000000000004,0.9837004475339902,100,115
1,False,50,100,1.0057498520553942,0.0057498520553942445,6.499174097381792e-06,0.049600000000000005,0.8238909687308298,100,129
2,False,50,100,1.0515447573866008,0.051544757386600804,0.031290819767425336,0.0364,2.312172546212684,100,65
3,False,50,100,1.0330532894200797,0.03305328942007968,0.00011698393889317401,0.044400000000000016,0.819369951352535,100,133
4,False,50,100,0.997724490863248,0.0022755091367520075,0.008511074469326887,0.047200000000000006,0.9010349808202973,100,123
5,False,50,100,1.0315159269606622,0.03151592696066219,0.027808070139293987,0.04520000000000001,0.9548363762922758,100,120
6,False,50,100,0.9616160756012827,0.038383924398717295,0.0016627022602232386,0.0444,0.9184756730445481,100,120
7,False,50,100,1.0349123904855164,0.03491239048551642,0.004540633552506738,0.04520000000000001,0.878991356561035,100,123
8,False,50,100,1.108665557349263,0.10866555734926298,0.00045071107886234007,0.04920000000000001,0.8887091179957733,100,123
9,False,50,100,1.0578807797578171,0.057880779757817136,0.00020901957229370926,0.0176,1.3264787368246007,100,97
0,False,100,25,0.9776092000019783,0.022390799998021738,3.1731854889777118e-06,0.0288,0.948084391064764,25,158
1,False,100,25,1.02323843976557,0.02323843976557005,1.1363368452303157e-05,0.04160000000000001,0.7158308884776154,25,177
2,False,100,25,1.0843446315917238,0.08434463159172378,5.228762410050711e-06,0.0496,0.597841624363745,25,194
3,False,100,25,1.0536950767890434,0.053695076789043394,6.747630571247947e-06,0.049600000000000005,0.5766959343039955,25,190
4,False,100,25,0.9720836729747806,0.0279163270252194,5.693461838085745e-06,0.0208,0.5276978212809218,25,206
5,False,100,25,0.975565587301764,0.024434412698235985,6.1062306299940416e-06,0.04800000000000001,0.5312804408166361,25,210
6,False,100,25,1.0225591233045574,0.02255912330455745,1.237925463584412e-05,0.039999999999999994,0.5672661147832905,25,197
7,False,100,25,1.0700287956731878,0.07002879567318776,2.958492714830581e-06,0.04800000000000001,0.5037638650305181,25,207
8,False,100,25,1.0106427996699727,0.010642799669972725,9.58153903866245e-06,0.027200000000000005,0.5429195803137243,25,200
9,False,100,25,1.1012348015633002,0.10123480156330023,3.7137746690520445e-06,0.03520000000000001,0.5548188300921397,25,202
0,False,100,50,1.093378789668045,0.09337878966804491,7.0196447878868524e-06,0.024000000000000004,0.7668610468163242,50,182
1,False,100,50,1.0648956327810022,0.06489563278100219,4.681985042259057e-06,0.0208,0.588570575336326,50,209
2,False,100,50,0.979641943245615,0.020358056754384957,1.1139295375711652e-05,0.0456,0.601519920367825,50,208
3,False,100,50,1.100344299540957,0.10034429954095692,8.79412876316476e-06,0.0408,0.6348325953041893,50,199
4,False,100,50,1.0388799864417546,0.03887998644175461,4.144804693075604e-06,0.0424,0.5790742493501573,50,212
5,False,100,50,0.9134795638379655,0.08652043616203453,3.4764215779364247e-06,0.0408,0.5347921942427538,50,219
6,False,100,50,1.0871668892175645,0.08716688921756455,1.2612603609182192e-06,0.032,0.7075053068637457,50,198
7,False,100,50,1.0482789725301227,0.0482789725301227,5.507340024475798e-06,0.0496,0.5669523531000825,50,217
8,False,100,50,1.013476429185142,0.013476429185141914,6.036166004123906e-06,0.04080000000000001,0.5704235960567956,50,211
9,False,100,50,1.0623881589404771,0.06238815894047711,5.092581291760889e-06,0.03840000000000001,0.5039541794150013,50,223
0,False,100,100,1.0205634665080785,0.0205634665080785,0.005315851869686141,0.04480000000000001,0.6303654277963398,100,213
1,False,100,100,1.0644502743038915,0.0644502743038915,1.1414288962606567e-05,0.0424,0.4529356053813606,100,254
2,False,100,100,1.0687044931873237,0.06870449318732375,0.0002449588706305579,0.0456,0.5102388653400369,100,232
3,False,100,100,1.0780912270501632,0.07809122705016325,8.030400253187147e-06,0.048,0.454643295345341,100,250
4,False,100,100,1.0495664722375688,0.049566472237568826,8.149250321182701e-06,0.04640000000000002,0.5723855794734642,100,223
5,False,100,100,1.0202064340803105,0.02020643408031053,8.358449733615748e-05,0.045600000000000016,0.5154450215546746,100,233
6,False,100,100,0.9958946792212159,0.004105320778784116,5.024572902752587e-06,0.043600000000000014,0.5106301009797193,100,232
7,False,100,100,0.9743676721459842,0.025632327854015813,0.0001528587192963958,0.04880000000000001,0.5834217440970002,100,221
8,False,100,100,1.01359002005088,0.013590020050880058,7.89583379403987e-06,0.04,0.609842663224565,100,215
9,False,100,100,1.0260123657493763,0.026012365749376265,0.011898306748597438,0.047200000000000006,0.5279756878935158,100,234
