repeat,seed,alpha,theta_hat,rmse,particle_sd,accept_rate,final_temp,n_final_particles
0,0,0.3,1.1103704140965254,0.11037041409652537,0.0025396235077326003,0.0456,1.7917654855820344,50
0,0,0.5,1.0583264814103757,0.058326481410375663,0.0026406810358822605,0.0432,1.3129468082662705,50
0,0,0.8,1.1037820613574671,0.10378206135746715,0.007546206422272706,0.036000000000000004,1.8337507847886225,50
1,0,0.3,1.0168261538718928,0.01682615387189279,5.905312814669088e-06,0.04800000000000001,1.1135588980285451,50
1,0,0.5,1.0494753072561016,0.04947530725610161,0.0011538514572279309,0.0424,1.7444171693585568,50
1,0,0.8,1.0429333377371963,0.04293333773719632,0.00028924783518622976,0.0456,1.9256095560663837,50
2,0,0.3,1.0502956315108944,0.050295631510894445,2.2557351213958444e-06,0.03440000000000001,1.1594686326837738,50
2,0,0.5,1.06334535975697,0.06334535975696998,2.996923022190998e-06,0.048799999999999996,1.137033865869709,50
2,0,0.8,1.1343931856947203,0.13439318569472025,0.0010571795299488987,0.046400000000000004,1.647188076269293,50
3,0,0.3,1.1481290205731407,0.1481290205731407,2.9126794361956646e-06,0.032,1.2977630981988821,50
3,0,0.5,1.0743503957309388,0.07435039573093882,8.635772390652506e-05,0.033600000000000005,1.4308567862400552,50
3,0,0.8,1.0518850514443263,0.05188505144432631,0.000874016505510823,0.048799999999999996,1.517256272050467,50
4,0,0.3,1.0669913427084654,0.0669913427084654,4.586081208091452e-06,0.03840000000000001,1.2365343597388452,50
4,0,0.5,1.1139225969012647,0.11392259690126472,0.003311865043802698,0.0464,1.7446367361892494,50
4,0,0.8,1.0775767151049631,0.07757671510496311,0.08821710917191056,0.013600000000000003,9.999789210557937,50
5,0,0.3,0.8823800732358589,0.11761992676414113,0.00011756527219315249,0.031200000000000002,1.346897030839643,50
5,0,0.5,1.055227978849438,0.055227978849438086,0.030642892101373078,0.043199999999999995,1.516262466143201,50
5,0,0.8,1.0897852831517865,0.08978528315178647,0.04997089526689178,0.048799999999999996,1.759463870340615,50
6,0,0.3,1.1247044902429948,0.12470449024299479,0.004135772733096681,0.046400000000000004,1.645964691243393,50
6,0,0.5,1.071910297447872,0.07191029744787203,0.00900108833153476,0.0408,1.448623629314479,50
6,0,0.8,1.0977992767253595,0.09779927672535949,0.00835554559464504,0.03840000000000001,2.038084756227386,50
7,0,0.3,1.1519678061561114,0.15196780615611138,0.008999157403151,0.048799999999999996,1.6941511728691545,50
7,0,0.5,1.0189729205196325,0.018972920519632508,0.008277895540921232,0.038400000000000004,1.938257029995,50
7,0,0.8,1.116294860058092,0.11629486005809198,0.010045690440486518,0.044800000000000006,1.5201745672329685,50
8,0,0.3,1.1425140122697044,0.1425140122697044,0.0012242408359136527,0.0424,2.4706634655098316,50
8,0,0.5,1.091276178693305,0.09127617869330495,9.164442262803565e-05,0.03840000000000001,1.3465916066832178,50
8,0,0.8,1.142513783962521,0.142513783962521,0.01511310568327602,0.046400000000000004,1.4420696567251516,50
9,0,0.3,1.0866786580588632,0.08667865805886321,0.0014932641617135345,0.049600000000000005,1.3544665759238563,50
9,0,0.5,1.0973167515513835,0.09731675155138353,0.01269396606199843,0.048,1.9640280663527627,50
9,0,0.8,1.0534007138192965,0.05340071381929645,0.013308238298185747,0.0432,2.2993422354884157,50
0,1,0.3,0.9459286986353393,0.05407130136466065,0.00018737986556885682,0.046400000000000004,1.248318440984172,50
0,1,0.5,0.9431100257748263,0.05688997422517372,0.0065157901773798994,0.049600000000000005,1.5479180457119446,50
0,1,0.8,0.8831101079923633,0.11688989200763666,0.014640357895823873,0.04640000000000002,1.5116469254972027,50
1,1,0.3,0.8325259515117588,0.1674740484882412,4.835198462655201e-06,0.047200000000000006,1.2668311205853688,50
1,1,0.5,0.8812998315319683,0.11870016846803166,7.176001218801949e-05,0.0416,1.4528768350651693,50
1,1,0.8,0.8767849666550687,0.12321503334493134,0.0065011153914941175,0.048799999999999996,2.1258083252837197,50
2,1,0.3,0.9318998068547599,0.06810019314524007,1.4010195358425401e-06,0.0456,1.2927446236487445,50
2,1,0.5,0.8828271662879186,0.11717283371208143,0.0011615511556808274,0.043199999999999995,1.4957961950341851,50
2,1,0.8,0.9200681654918554,0.07993183450814456,0.018298898363023546,0.044800000000000006,1.5215239397343514,50
3,1,0.3,0.9714968846006491,0.02850311539935091,0.0008020634357491822,0.04800000000000001,1.5599971337998595,50
3,1,0.5,0.9047502548944331,0.09524974510556694,0.0019308787825969543,0.0432,1.4533400932718847,50
3,1,0.8,0.9662485540624378,0.033751445937562186,0.003722044973691801,0.0472,1.825917134535287,50
4,1,0.3,0.9616267324896773,0.03837326751032266,0.001402158363992844,0.0064,1.7432614972157006,50
4,1,0.5,0.9410827504730445,0.05891724952695554,0.00043680385096300903,0.0408,1.3181171521434263,50
4,1,0.8,0.9036493218392511,0.09635067816074894,0.006165437941448564,0.04080000000000001,1.7988878426222803,50
5,1,0.3,0.8728680587830052,0.12713194121699478,0.0012169428129610966,0.044000000000000004,1.3918110227565645,50
5,1,0.5,0.8905277260054565,0.10947227399454351,0.024146147615611298,0.0432,1.1198727699351023,50
5,1,0.8,0.8606331831613978,0.1393668168386022,0.0074558687162861684,0.0432,1.539816069843362,50
6,1,0.3,0.8866460205317831,0.1133539794682169,0.006142482783400317,0.03760000000000001,1.2324376198202407,50
6,1,0.5,0.9213671715397561,0.07863282846024389,0.009603624339663948,0.04080000000000001,1.5709177528296265,50
6,1,0.8,0.8839244305906481,0.11607556940935193,0.00035417973713690803,0.044800000000000006,1.537199234764681,50
7,1,0.3,0.8073624001479791,0.1926375998520209,0.0019130484027451084,0.0496,1.4304975741731802,50
7,1,0.5,0.9218090518397033,0.0781909481602967,0.006914768478247457,0.03840000000000001,1.33511764367476,50
7,1,0.8,0.7836182455325889,0.21638175446741115,0.8332085348511379,0.0216,9.99963082075119,50
8,1,0.3,0.9810322231387782,0.018967776861221752,9.15978313135142e-06,0.04880000000000001,1.2944016297027576,50
8,1,0.5,0.9504684230850574,0.04953157691494259,0.01185548748181185,0.047200000000000006,1.31269627541631,50
8,1,0.8,0.9038388496559251,0.09616115034407491,0.0007549709704572568,0.047200000000000006,1.4156632145075174,50
9,1,0.3,0.950820975114723,0.049179024885277034,0.030174050010921577,0.0432,1.22160658211788,50
9,1,0.5,0.8635254949138165,0.13647450508618353,6.039580598461814e-06,0.045600000000000016,1.5073422597745771,50
9,1,0.8,0.9157244984940942,0.08427550150590579,0.0005360870302401488,0.0432,2.170959238915418,50
0,2,0.3,0.9747832323972346,0.025216767602765366,3.111058093832876e-06,0.046400000000000004,1.360784584560851,50
0,2,0.5,0.8987900815073335,0.10120991849266647,0.006672586963210635,0.0176,1.606632922210081,50
0,2,0.8,0.8768723784998115,0.12312762150018852,3.417832162875244e-06,0.0424,2.396303721981641,50
1,2,0.3,0.946871672847616,0.053128327152384025,5.936611487758776e-06,0.0328,1.4718599243669406,50
1,2,0.5,0.9002043386198494,0.09979566138015061,3.7347818010861206e-06,0.0464,1.66327987401128,50
1,2,0.8,0.825584555468437,0.174415444531563,0.7125340743670271,0.0272,9.999711802005768,50
2,2,0.3,0.9233329836573262,0.07666701634267381,0.0003354880086652386,0.045599999999999995,1.4129713700105029,50
2,2,0.5,0.9820801836662024,0.017919816333797578,0.0015968377292623357,0.044000000000000004,1.9084384487600436,50
2,2,0.8,0.9313238242453719,0.06867617575462814,0.0003687371194895216,0.048,2.0156074610953483,50
3,2,0.3,0.9289239526099253,0.07107604739007467,2.9607204147200842e-05,0.039200000000000006,1.5033640999609008,50
3,2,0.5,0.9293307033693297,0.07066929663067034,0.00023638363348853713,0.0456,1.5172796184652448,50
3,2,0.8,0.9766405155405851,0.023359484459414936,0.043888642741137976,0.048,1.9565714231341622,50
4,2,0.3,0.8288970375531192,0.17110296244688084,0.023792060720187476,0.04,1.8341606247893194,50
4,2,0.5,0.8768581538219852,0.12314184617801482,0.0013525484050539943,0.039999999999999994,1.6238915193387329,50
4,2,0.8,0.9337174452312708,0.06628255476872924,1.3147899838724004e-05,0.044800000000000006,2.44233453286172,50
5,2,0.3,0.8782757180748659,0.12172428192513407,0.022420597318075757,0.028800000000000003,1.5866882978019778,50
5,2,0.5,0.937033531891569,0.06296646810843098,0.032040455382168834,0.04800000000000001,3.031783403217411,50
5,2,0.8,0.9556630702742401,0.044336929725759866,8.769525876327732e-06,0.04800000000000001,1.968733626123965,50
6,2,0.3,0.8831112129095792,0.11688878709042083,0.0121017471342949,0.039200000000000006,1.3216494719261567,50
6,2,0.5,0.8868583434110584,0.1131416565889416,0.0076294442578385135,0.047200000000000006,2.216672000952599,50
6,2,0.8,0.8743461785953227,0.1256538214046773,0.015115273373721724,0.044,2.285503144083891,50
7,2,0.3,0.8510870828659837,0.14891291713401633,3.1034965863723475e-05,0.04159999999999999,1.516967169827025,50
7,2,0.5,0.8886110082643457,0.11138899173565431,0.010401008600944965,0.0416,1.65304844549527,50
7,2,0.8,0.8656397609643487,0.1343602390356513,0.0023010957763348575,0.049600000000000005,2.6388221510163383,50
8,2,0.3,0.9619444577667108,0.03805554223328922,0.011470960602358528,0.04640000000000002,1.4820015351859448,50
8,2,0.5,0.8530394411560615,0.14696055884393855,0.01040164495314229,0.039200000000000006,1.730910909772656,50
8,2,0.8,0.9942724551644164,0.005727544835583576,0.0032757488704587183,0.04080000000000001,1.8629293452621967,50
9,2,0.3,0.9616800288376177,0.03831997116238228,4.775250339470031e-05,0.0376,1.4011738575438355,50
9,2,0.5,0.8195169352332807,0.18048306476671927,0.01604048839099223,0.044,1.5859113528891977,50
9,2,0.8,0.7865979494312282,0.21340205056877182,0.005632790254540759,0.0424,2.5496864792563123,50
0,3,0.3,1.096360907726288,0.09636090772628791,0.018620469576076618,0.0376,1.3663847149109272,50
0,3,0.5,1.0466999231556888,0.04669992315568883,0.0007709679067741833,0.044800000000000006,1.287664202528709,50
0,3,0.8,1.0275859409838288,0.027585940983828827,0.006428213083005508,0.046400000000000004,1.792356047427186,50
1,3,0.3,0.971413408500468,0.02858659149953202,0.00019206678785121963,0.0352,1.0522801407509144,50
1,3,0.5,1.058708742175139,0.058708742175139106,0.0021405541635760457,0.0432,1.0952305612216715,50
1,3,0.8,1.0163742400338085,0.016374240033808496,0.0021848488200100842,0.046400000000000004,1.8946750505901302,50
2,3,0.3,1.037634466661351,0.03763446666135106,2.8603998502710385e-05,0.0408,1.164863521245407,50
2,3,0.5,0.9929762496032914,0.00702375039670855,0.012780536697920434,0.043199999999999995,1.4109738618070122,50
2,3,0.8,1.001923988422283,0.0019239884222830295,0.0012231641952011993,0.03920000000000001,1.4810441869611153,50
3,3,0.3,1.028234805032108,0.028234805032107957,0.0,0.0,0.01,50
3,3,0.5,0.91557955984138,0.08442044015862005,2.933365398774087e-06,0.046400000000000004,1.4222301394704209,50
3,3,0.8,1.0133518462879216,0.013351846287921632,0.005371402932276613,0.044000000000000004,1.5324138780431382,50
4,3,0.3,1.0019969213511846,0.0019969213511845663,2.0361498593800223e-05,0.03280000000000001,1.2469131968188394,50
4,3,0.5,1.0154714599467038,0.015471459946703847,0.0325440716563077,0.0416,1.5459779217156155,50
4,3,0.8,1.1170346402313183,0.11703464023131827,0.006084415134755984,0.0456,1.8241024759626354,50
5,3,0.3,1.0264082524603273,0.026408252460327297,0.026264007887649522,0.042400000000000014,1.2748241767368644,50
5,3,0.5,0.9682524306112282,0.03174756938877177,4.9078996174504736e-05,0.032,1.3839058651168055,50
5,3,0.8,1.0364151187277095,0.03641511872770953,1.1282198366339449e-05,0.032799999999999996,1.446956910093876,50
6,3,0.3,0.9144346207925059,0.08556537920749407,1.0430821928339956e-05,0.0328,1.255962884247484,50
6,3,0.5,0.9340711559056314,0.06592884409436861,0.021152784990713845,0.04479999999999999,1.4356087715739445,50
6,3,0.8,1.0109220937403742,0.010922093740374228,0.0045927509012130985,0.04800000000000001,1.9992864629273108,50
7,3,0.3,1.017013312839624,0.01701331283962393,0.00796651642697721,0.0424,1.2735295019383845,50
7,3,0.5,1.0814683219043923,0.08146832190439235,0.0003706844288891626,0.047200000000000006,1.229919762281686,50
7,3,0.8,1.044122202420365,0.04412220242036491,0.029903533994655476,0.044000000000000004,1.5043696546723184,50
8,3,0.3,1.0387055471085365,0.038705547108536464,6.260259902097207e-05,0.03440000000000001,1.273416549950964,50
8,3,0.5,0.966609792474456,0.033390207525544,0.0014376640347592876,0.044800000000000006,1.8189148978755245,50
8,3,0.8,0.9113656513968807,0.08863434860311925,5.159133078088149e-05,0.04880000000000001,1.4984768012191183,50
9,3,0.3,1.0228699582538932,0.022869958253893152,4.5920496238876184e-05,0.032,1.4185226929677583,50
9,3,0.5,0.9514724774622679,0.04852752253773207,0.0006883476635302236,0.0416,1.7111079935346996,50
9,3,0.8,0.9876905760008288,0.012309423999171232,0.000337943140070876,0.025600000000000005,1.606147717199105,50
0,4,0.3,1.0387680961802443,0.03876809618024435,0.0039260261694732184,0.04,1.3692249838987773,50
0,4,0.5,0.9653499016126164,0.03465009838738364,0.0024171064327003925,0.03120000000000001,2.0918864329073856,50
0,4,0.8,1.0552441462974371,0.055244146297437124,0.0010365329602330733,0.04640000000000002,2.001785554843876,50
1,4,0.3,0.9971103608411545,0.0028896391588455472,9.540662664940973e-05,0.0416,1.9297452267955952,50
1,4,0.5,1.078170663335198,0.07817066333519795,0.004281042282254533,0.0392,2.45857820372124,50
1,4,0.8,1.0608721945394297,0.060872194539429714,9.524277986080437e-05,0.047200000000000006,2.0615834013127587,50
2,4,0.3,1.0593596411423878,0.05935964114238779,0.0012139749822114472,0.042400000000000014,1.4841708826300537,50
2,4,0.5,0.9697181414761489,0.030281858523851124,0.0028720807414351016,0.0424,1.4283455935278577,50
2,4,0.8,1.039038994319756,0.03903899431975599,0.012336835007786697,0.044000000000000004,1.8117241294932152,50
3,4,0.3,1.0731045614779995,0.07310456147799949,0.009866225479747496,0.04880000000000001,2.050465183108329,50
3,4,0.5,0.9628213944551631,0.037178605544836874,0.005899601579045958,0.04800000000000001,1.5473414985107543,50
3,4,0.8,1.0163712598090402,0.016371259809040195,0.0014400827673160441,0.0424,2.188655618303308,50
4,4,0.3,1.162511597654281,0.16251159765428103,2.8363780404192153e-06,0.036000000000000004,1.3703879409973658,50
4,4,0.5,1.0258262065488726,0.025826206548872577,0.0023644948131101118,0.049600000000000005,1.7727428984342306,50
4,4,0.8,0.991487951269215,0.008512048730785038,1.8616244263046075e-05,0.046400000000000004,2.4564016933312693,50
5,4,0.3,0.937230029115322,0.06276997088467795,9.161051160900434e-06,0.04239999999999999,1.5372985165783193,50
5,4,0.5,1.0182756495331702,0.01827564953317018,0.006889248295253076,0.049600000000000005,1.931415849982514,50
5,4,0.8,1.0780312233808507,0.07803122338085067,0.004345168412792832,0.04880000000000001,1.9156114620779663,50
6,4,0.3,1.0620866155171966,0.06208661551719663,4.2639741539792084e-05,0.042400000000000014,1.4130592679811818,50
6,4,0.5,1.1570855433992913,0.15708554339929126,0.023951324332373992,0.042400000000000014,1.8631730014071999,50
6,4,0.8,1.0945354914464258,0.09453549144642581,0.0022533245768619156,0.0392,1.8610965378098536,50
7,4,0.3,1.0758994017144452,0.0758994017144452,3.855327348599542e-06,0.036,1.3282817476635713,50
7,4,0.5,1.0666590829566642,0.06665908295666423,0.0011385278837161927,0.0424,1.7252028305672504,50
7,4,0.8,1.0116852856130483,0.011685285613048269,0.00036984672112368785,0.049600000000000005,2.3690000661446815,50
8,4,0.3,1.0683626745190937,0.06836267451909372,0.00046974632148801064,0.04080000000000001,1.6182813885143839,50
8,4,0.5,1.0587466831777492,0.058746683177749226,0.01507266781252846,0.0408,1.9114288980408896,50
8,4,0.8,0.9742348445009124,0.025765155499087644,0.035786402901931136,0.04880000000000001,2.131964743987213,50
9,4,0.3,1.1043343406122479,0.10433434061224789,4.663204554003841e-06,0.0496,1.3905531858343099,50
9,4,0.5,1.057979352836621,0.057979352836621034,0.0006092533981919556,0.04800000000000001,1.5980733990970264,50
9,4,0.8,1.1037117856052776,0.1037117856052776,0.0017456013617966313,0.046400000000000004,1.90955322815871,50
0,5,0.3,0.9409903043811357,0.059009695618864266,0.00686517719303633,0.036,1.3433091624997866,50
0,5,0.5,1.0168856730818816,0.016885673081881603,0.017482810136366583,0.035199999999999995,1.480484197329358,50
0,5,0.8,1.1135943671977895,0.11359436719778948,0.05047250178665988,0.04080000000000001,1.7993099769899712,50
1,5,0.3,1.0989091339100163,0.09890913391001632,5.430480908436651e-06,0.0328,1.31846287753882,50
1,5,0.5,1.0096646513950491,0.009664651395049129,0.018566615374805827,0.042400000000000014,1.6171496584113454,50
1,5,0.8,1.006841789698224,0.006841789698224021,0.00015561437950745963,0.045600000000000016,2.4062038406473207,50
2,5,0.3,0.9873800931740068,0.012619906825993232,0.01805860005611085,0.0456,1.7578828661459855,50
2,5,0.5,1.0640276608876107,0.0640276608876107,0.031555548922937326,0.03280000000000001,1.8821105791989332,50
2,5,0.8,1.011873788269102,0.011873788269102015,0.03807377114226287,0.0368,2.128840957906138,50
3,5,0.3,0.9960372998400675,0.003962700159932497,0.032963463585556955,0.04880000000000001,1.3331989662614325,50
3,5,0.5,1.0657015888793182,0.0657015888793182,0.0017059536292416129,0.039200000000000006,1.6871847743387784,50
3,5,0.8,1.0518141262637501,0.05181412626375015,0.013131295300680398,0.04480000000000001,1.8337985709582991,50
4,5,0.3,1.1167467971359555,0.11674679713595548,0.001022833511235782,0.04800000000000001,1.6722391443762255,50
4,5,0.5,0.9618650157417227,0.03813498425827733,0.002022099755143794,0.03760000000000001,1.7064634950850517,50
4,5,0.8,1.0077276259892876,0.0077276259892875565,0.01715474735166005,0.04,1.9142551857361885,50
5,5,0.3,1.1580031214183926,0.15800312141839257,5.1232879388010815e-05,0.04080000000000001,1.4837237765493905,50
5,5,0.5,1.1207300091044419,0.12073000910444187,0.003563131558661347,0.0352,1.6666563730645643,50
5,5,0.8,1.1006999484094957,0.1006999484094957,0.035105671693754364,0.049600000000000005,2.796525493817266,50
6,5,0.3,1.016640207508321,0.01664020750832096,0.0006187171969212366,0.046400000000000004,1.7305660449341413,50
6,5,0.5,0.9830862444763387,0.016913755523661256,0.013927929913884876,0.0328,1.5427494814204203,50
6,5,0.8,1.038640579442736,0.03864057944273602,0.00023952831480730403,0.04880000000000001,2.0074651234740495,50
7,5,0.3,0.9785562279521903,0.021443772047809673,0.003595601299462488,0.036000000000000004,1.9591078368437782,50
7,5,0.5,1.0795051369402797,0.07950513694027972,0.0038569314141251245,0.04400000000000001,1.525016955188911,50
7,5,0.8,0.927687810298019,0.07231218970198094,8.423922055623622e-05,0.0384,1.9782821473711847,50
8,5,0.3,0.9941526472184207,0.005847352781579329,3.7383454601425552e-06,0.0456,1.2688759188294931,50
8,5,0.5,1.005113860132745,0.005113860132744952,0.00029734914229724254,0.048799999999999996,1.4645455158147545,50
8,5,0.8,1.0319183830664664,0.03191838306646644,0.010158347898821573,0.0456,1.7246220035403685,50
9,5,0.3,0.9898290473099685,0.010170952690031543,0.00011100751251444083,0.04479999999999999,1.796480763393213,50
9,5,0.5,1.0568874806799262,0.05688748067992622,0.0004449203015345649,0.04239999999999999,1.557633902081847,50
9,5,0.8,1.1367991793024514,0.13679917930245145,0.023752218155607623,0.031200000000000002,2.0998169912018287,50
0,6,0.3,1.043968720197048,0.043968720197048006,1.5674672247618655e-05,0.0496,1.5180946149911498,50
0,6,0.5,0.9702423738611924,0.029757626138807614,0.02902583882324168,0.046400000000000004,1.527565320709836,50
0,6,0.8,0.9882812356714417,0.01171876432855834,0.09064613515248866,0.016,9.999856496453287,50
1,6,0.3,0.9881359396908478,0.011864060309152213,5.918402499351902e-05,0.038400000000000004,1.0064010390181166,50
1,6,0.5,1.034188804584845,0.03418880458484508,7.684051698592104e-05,0.046400000000000004,1.294442670736152,50
1,6,0.8,1.018446667782674,0.01844666778267401,0.006299029708974454,0.0344,2.3351317819118442,50
2,6,0.3,0.9858614653337001,0.014138534666299885,1.705715240818974e-05,0.0432,1.3506764334032224,50
2,6,0.5,0.9845393209024145,0.015460679097585528,0.0006751174999973485,0.0432,1.259411882330638,50
2,6,0.8,1.1207841628165776,0.12078416281657756,0.01599863076692932,0.044800000000000006,1.8641747206962749,50
3,6,0.3,0.935017537691662,0.06498246230833804,0.008456377493655399,0.0496,1.3670637521433524,50
3,6,0.5,1.019353842232203,0.019353842232203045,0.001291929402017035,0.0392,1.3620807708567324,50
3,6,0.8,1.003053760502625,0.003053760502625069,0.005689955959195018,0.049600000000000005,1.57437795673491,50
4,6,0.3,0.9453429640623832,0.05465703593761684,1.5750480037029085e-05,0.04800000000000001,1.3298889452780844,50
4,6,0.5,0.94830664150494,0.05169335849505996,0.012345021226590194,0.04,1.3775879491609133,50
4,6,0.8,1.0538497005903518,0.05384970059035177,0.004155477220063232,0.047200000000000006,1.8001287841203084,50
5,6,0.3,0.925317522344577,0.07468247765542302,0.016351028817281055,0.0464,1.4550625187051542,50
5,6,0.5,1.0242136001895294,0.02421360018952945,0.0019039996835689176,0.04480000000000001,1.2623943463388443,50
5,6,0.8,0.9888256041485071,0.011174395851492935,0.003966717959193459,0.03440000000000001,1.6075012130531414,50
6,6,0.3,0.9686985319471354,0.0313014680528646,0.00035498845252103197,0.0456,1.417420775881864,50
6,6,0.5,1.0177188076937502,0.017718807693750227,6.370058571020765e-05,0.0416,1.5405257972239594,50
6,6,0.8,1.0173732984753563,0.01737329847535629,0.00357467823862116,0.049600000000000005,1.6225421167985727,50
7,6,0.3,0.9857158293826791,0.014284170617320902,0.009303164754734061,0.04880000000000001,1.7300218567087708,50
7,6,0.5,1.000470417929533,0.00047041792953295136,0.0011310923939635035,0.0416,1.289864343885148,50
7,6,0.8,1.048649312603263,0.048649312603262995,0.035729443167312164,0.0464,1.7686976016838973,50
8,6,0.3,1.0108925428465145,0.01089254284651453,0.002141638629546077,0.04640000000000002,1.218921243249621,50
8,6,0.5,1.0231713148522859,0.02317131485228585,1.8473819112002053e-05,0.047200000000000006,1.4632707457193292,50
8,6,0.8,0.9417994999928192,0.0582005000071808,5.059460067179498e-06,0.04880000000000001,1.7959872810465107,50
9,6,0.3,1.0790107021668367,0.0790107021668367,0.002334483601753757,0.047200000000000006,1.670631434996742,50
9,6,0.5,1.0930075057256188,0.09300750572561878,0.0063990562031400865,0.047200000000000006,1.3426624736867554,50
9,6,0.8,1.0330038541193391,0.03300385411933915,1.575010878343802e-05,0.0456,1.4340854058782448,50
0,7,0.3,1.0360745563700506,0.03607455637005064,0.0012290088219476033,0.039200000000000006,1.0551126404429376,50
0,7,0.5,1.0079697374783663,0.007969737478366268,2.7081222642380498e-05,0.0424,1.1055575815395673,50
0,7,0.8,0.9496856946393077,0.05031430536069226,0.0018687578817329542,0.0456,1.2078444678602087,50
1,7,0.3,1.1041840816250352,0.10418408162503523,1.927664571350196e-06,0.04960000000000002,1.1955542357307443,50
1,7,0.5,0.9996136907872162,0.0003863092127838197,0.0016355130226985055,0.036800000000000006,1.4449574620941261,50
1,7,0.8,1.0900680726570409,0.09006807265704087,0.000168030608841498,0.048,1.2628654741058414,50
2,7,0.3,1.068593931314757,0.068593931314757,4.304524807906334e-05,0.0376,1.295937914685672,50
2,7,0.5,0.9927506245871212,0.007249375412878845,0.004848281458287966,0.0208,1.351068552616705,50
2,7,0.8,0.9495756890891519,0.05042431091084809,0.0004555858941760481,0.04880000000000001,1.4595403667891684,50
3,7,0.3,1.0367936527457275,0.036793652745727545,3.409948695416941e-06,0.04080000000000001,0.9493847181747814,50
3,7,0.5,1.0543821025828668,0.0543821025828668,0.00966708849649122,0.04800000000000001,1.2242280065733495,50
3,7,0.8,1.0854730053678379,0.08547300536783786,0.0006251551627757786,0.04480000000000001,1.1693263262086222,50
4,7,0.3,1.0229120926531854,0.02291209265318539,0.0,0.0,0.01,50
4,7,0.5,1.0809505484829736,0.08095054848297356,0.005245300277172423,0.04400000000000001,1.1710375188172357,50
4,7,0.8,1.0397422435367227,0.03974224353672273,0.010800418713864649,0.04800000000000001,1.447826890210223,50
5,7,0.3,1.1194737926787637,0.11947379267876368,0.0,0.0,0.01,50
5,7,0.5,0.9895514303029235,0.010448569697076526,0.01035012578185388,0.045599999999999995,0.9673529614500227,50
5,7,0.8,1.0036804351809423,0.0036804351809422986,4.362056239937774e-05,0.046400000000000004,1.6319370638371962,50
6,7,0.3,1.0869589331997611,0.08695893319976111,8.136807507654959e-05,0.04800000000000001,1.1267716993713348,50
6,7,0.5,1.0340139324414415,0.03401393244144146,5.634972947456226e-06,0.04720000000000001,1.394072405595032,50
6,7,0.8,1.0069554549830277,0.006955454983027742,0.0009421343441457458,0.044800000000000006,1.3857271421342316,50
7,7,0.3,1.0219330323214701,0.021933032321470147,4.967789709556672e-05,0.039999999999999994,1.0374672515788799,50
7,7,0.5,1.0577218947811695,0.057721894781169514,6.373576670488507e-06,0.036000000000000004,1.078772237694018,50
7,7,0.8,1.1379280793207223,0.13792807932072226,0.0001866624003358848,0.04880000000000001,1.3148664347400625,50
8,7,0.3,0.9343515382507219,0.06564846174927808,0.0009998204760274987,0.033600000000000005,1.3420071140997751,50
8,7,0.5,0.9794700349478519,0.020529965052148103,0.00030879683541428236,0.044800000000000006,1.135795422109575,50
8,7,0.8,1.0912780203268087,0.09127802032680865,0.01427882220607889,0.048799999999999996,1.4391638447065256,50
9,7,0.3,0.9998089903148518,0.00019100968514818017,0.0064807552656593855,0.04800000000000001,1.1903402337453795,50
9,7,0.5,0.9905099298269728,0.009490070173027165,4.363886308276256e-05,0.0432,1.1983170759116595,50
9,7,0.8,1.0225858168296205,0.022585816829620464,0.008970356863159567,0.046400000000000004,1.3078175299932815,50
0,8,0.3,1.066911096665163,0.06691109666516293,3.067179872647304e-06,0.0464,1.4056258199478726,50
0,8,0.5,0.9516525124100977,0.04834748758990226,0.004495410968301296,0.0496,1.6138827112248064,50
0,8,0.8,1.027897449848446,0.02789744984844611,0.0014330914029978806,0.032799999999999996,2.0354958039633884,50
1,8,0.3,0.9889858906452098,0.011014109354790191,0.0031860368973950387,0.028000000000000004,1.2811463605026039,50
1,8,0.5,1.0056654901971926,0.005665490197192646,0.02750412547901729,0.04800000000000001,1.501274247439414,50
1,8,0.8,1.0126023068595709,0.012602306859570866,0.0010183989290445772,0.04800000000000001,1.7705886846283638,50
2,8,0.3,1.0277162592093583,0.027716259209358274,0.01964516944723966,0.0464,1.6972621191602673,50
2,8,0.5,1.0288460307425547,0.02884603074255465,0.05162260468049958,0.03440000000000001,1.9994934896022867,50
2,8,0.8,0.9419502018450389,0.05804979815496114,0.013128478691192044,0.04,2.0740022811649004,50
3,8,0.3,1.0140986718898521,0.014098671889852143,0.0010037417052690086,0.03040000000000001,1.4526411466031453,50
3,8,0.5,1.0420069683975721,0.04200696839757212,7.727323499268176e-05,0.04880000000000002,1.6310014694275887,50
3,8,0.8,1.077351192571283,0.07735119257128309,0.0024819943065160616,0.044,1.6495505668737536,50
4,8,0.3,1.0588258313109975,0.0588258313109975,0.008392789410601302,0.0432,1.4982275953469453,50
4,8,0.5,0.9706232998788076,0.029376700121192423,0.0001090216055253178,0.0392,1.6743577932377518,50
4,8,0.8,1.1102205719335019,0.11022057193350188,0.013420371667241925,0.04720000000000001,1.9068080583378837,50
5,8,0.3,1.0225169944192218,0.022516994419221836,0.00018612414468836485,0.04000000000000001,1.7958924535217287,50
5,8,0.5,1.0275006533068447,0.027500653306844702,0.004425236438168569,0.033600000000000005,1.3331690457504615,50
5,8,0.8,1.0416745605644413,0.0416745605644413,0.019800522515451346,0.04880000000000001,1.8589465735023207,50
6,8,0.3,0.9216887150195953,0.07831128498040474,0.0009804824510778517,0.047200000000000006,1.979238384644845,50
6,8,0.5,1.057712283006674,0.05771228300667408,0.008464519899446082,0.047200000000000006,1.5011920143685307,50
6,8,0.8,0.9246850905835907,0.07531490941640928,0.002996819310857014,0.03440000000000001,1.8139571041421596,50
7,8,0.3,1.0206923101970218,0.02069231019702178,0.022411615316474984,0.0216,1.4976112916776527,50
7,8,0.5,1.0883098168060217,0.08830981680602168,1.3143169579385918e-05,0.0496,1.5013621500688215,50
7,8,0.8,0.9800217943950826,0.019978205604917365,0.015545908723523481,0.045599999999999995,1.8181262447035036,50
8,8,0.3,0.9563953231865334,0.04360467681346658,4.549457034471186e-06,0.0304,1.559721296218797,50
8,8,0.5,0.9850220884191769,0.014977911580823067,0.0006542507633020166,0.047200000000000006,1.6008371622695616,50
8,8,0.8,1.009672687219242,0.009672687219242082,0.0019669345989089086,0.0424,1.7741441045232091,50
9,8,0.3,1.0019905667716527,0.0019905667716526576,7.624264444722877e-06,0.049600000000000005,1.586770679186579,50
9,8,0.5,0.9550395840283776,0.04496041597162237,0.05431276268108604,0.0352,2.01303124389642,50
9,8,0.8,1.0810916951673188,0.08109169516731884,0.01312555501894572,0.046400000000000004,1.5980843337060664,50
0,9,0.3,0.9929070488914163,0.007092951108583656,1.1214946133455537e-16,0.0,0.01,50
0,9,0.5,1.0713593368580383,0.0713593368580383,0.011048740114751342,0.044800000000000006,1.5269421326167225,50
0,9,0.8,1.0223556218627443,0.022355621862744313,1.2337719152299804e-05,0.0432,2.0649614141332244,50
1,9,0.3,0.9105704890255096,0.08942951097449037,0.00016227100885063395,0.036800000000000006,1.5037601456312766,50
1,9,0.5,0.9680421600014733,0.03195783999852675,0.0014832204953996982,0.0416,1.6301558121447792,50
1,9,0.8,0.979166365097505,0.020833634902495013,0.004792119578508803,0.0456,2.0767936015789648,50
2,9,0.3,0.9555434810309429,0.04445651896905711,0.0002207774851673744,0.0408,1.2524768329509433,50
2,9,0.5,0.9362392103565199,0.06376078964348009,0.013586563944869715,0.049600000000000005,1.5487670009645025,50
2,9,0.8,0.9243815373209955,0.07561846267900452,0.004720047317052271,0.049600000000000005,2.267703122193282,50
3,9,0.3,0.9930784863468314,0.0069215136531686206,5.0894873725915536e-05,0.0432,1.6338791778633381,50
3,9,0.5,0.9323903054422477,0.06760969455775234,0.005089100026166769,0.044800000000000006,1.6859843217043293,50
3,9,0.8,0.9574678245681095,0.04253217543189047,0.003443048005813726,0.04960000000000002,1.958091522754525,50
4,9,0.3,1.0885257416587064,0.08852574165870641,0.010003765787939304,0.044800000000000006,1.672129777124131,50
4,9,0.5,1.0111274727811155,0.011127472781115477,0.0001989026903823921,0.0408,1.5762317213481016,50
4,9,0.8,0.9608077777471613,0.03919222225283869,0.002535214378629499,0.04160000000000001,1.7989184598736427,50
5,9,0.3,1.0065708731230927,0.00657087312309268,6.500314385107145e-06,0.0432,1.3066179736135464,50
5,9,0.5,1.0211772436736766,0.02117724367367657,0.00013104834288447928,0.028000000000000004,1.5984425577195331,50
5,9,0.8,1.0974970847699426,0.09749708476994257,0.02038516987337362,0.0496,2.296756222035983,50
6,9,0.3,1.0837923017707314,0.08379230177073138,0.0,0.0,0.01,50
6,9,0.5,0.9722106690364524,0.02778933096354763,0.0002773492067446977,0.044,1.6267082745369903,50
6,9,0.8,1.0670347358479797,0.0670347358479797,0.0028922247605168818,0.04880000000000001,1.790053645159452,50
7,9,0.3,0.9969479142081188,0.0030520857918812094,1.1723118331537894e-06,0.047200000000000006,1.6469874178550026,50
7,9,0.5,1.058630620084764,0.05863062008476394,0.0004895988685425456,0.03760000000000001,1.3089767620273265,50
7,9,0.8,0.9831424063837741,0.016857593616225852,0.07946961614695777,0.018400000000000003,9.999802905917168,50
8,9,0.3,1.0014670241841839,0.0014670241841838738,0.0003311040785966101,0.0344,1.2052617153035343,50
8,9,0.5,0.9721949085034585,0.027805091496541534,0.04826621871226694,0.03440000000000001,1.2880289495089299,50
8,9,0.8,0.9885572990553496,0.011442700944650386,0.009043249458349426,0.039200000000000006,1.9349626766070753,50
9,9,0.3,0.9098214143907204,0.0901785856092796,1.1924203099917951e-05,0.047200000000000006,1.3013587657312824,50
9,9,0.5,1.0633039496330152,0.06330394963301522,0.000164052026741319,0.0368,1.5577284671100444,50
9,9,0.8,1.0354067165938226,0.03540671659382255,0.0022845520945770632,0.048799999999999996,1.868039071768093,50
