,temp,particles,log_likelihoods,accept_rate
0,1.0,"[[1.89742904 0.86525413]
 [1.50812009 0.88789505]
 [1.49121079 1.31408623]
 [1.37725739 1.15742265]
 [0.99144949 0.60937856]
 [1.15547908 0.07566618]
 [1.15547908 0.07566618]
 [0.75029573 0.23753788]
 [0.37555735 0.66335829]
 [0.10586587 1.43403316]
 [0.22239507 1.29787456]
 [0.38228115 1.34943558]
 [0.30254823 1.03020606]
 [1.57993953 0.92878786]
 [1.4896527  1.13265249]
 [1.40699022 0.66895854]
 [0.92925698 0.43061373]
 [1.34413806 1.08253972]
 [1.06983542 0.73893697]
 [1.00525868 0.74401254]
 [1.0850228  1.29802901]
 [1.41661005 1.1949941 ]
 [1.16497985 0.99440109]
 [0.76751189 0.8525596 ]
 [0.76751189 0.8525596 ]
 [1.1146363  0.68954095]
 [0.81227914 0.55275366]
 [0.82722554 0.42497629]
 [0.82722554 0.42497629]
 [0.74536183 0.22617207]
 [0.91298368 0.10823098]
 [0.90682113 0.19448418]
 [0.80460373 0.04355313]
 [0.87154604 0.07009619]
 [0.87154604 0.07009619]
 [0.87154604 0.07009619]
 [0.37936709 0.18022041]
 [0.37936709 0.18022041]
 [0.33652134 0.50636359]
 [0.33652134 0.50636359]
 [0.56562672 0.3299771 ]
 [0.56562672 0.3299771 ]
 [1.15519499 1.03416604]
 [1.10175489 0.35824775]
 [1.35181642 0.82669066]
 [1.53843331 0.58471096]
 [1.36942351 0.49890979]
 [1.99495519 1.12445049]
 [1.99495519 1.12445049]
 [1.99495519 1.12445049]
 [1.99495519 1.12445049]
 [1.99495519 1.12445049]
 [1.99495519 1.12445049]
 [1.99495519 1.12445049]
 [1.99407318 1.24033113]
 [1.99407318 1.24033113]
 [1.99407318 1.24033113]
 [1.99407318 1.24033113]
 [1.99407318 1.24033113]
 [1.99668413 1.17566666]
 [1.99668413 1.17566666]
 [1.47982288 1.22088738]
 [1.66408373 1.13248098]
 [1.66408373 1.13248098]
 [1.62452962 1.77203527]
 [1.62452962 1.77203527]
 [1.48299861 1.50058955]
 [1.48299861 1.50058955]
 [1.48299861 1.50058955]
 [1.05677655 1.58312805]
 [1.58795612 1.51244596]
 [1.45960552 1.0525875 ]
 [1.39849112 1.00581373]
 [1.19816614 1.23825991]
 [0.5807295  0.54914929]
 [0.38446011 0.04265958]
 [0.50740544 0.90859589]
 [0.415209   0.64167941]
 [0.56465789 0.52329384]
 [0.11151399 0.13786326]
 [0.11151399 0.13786326]
 [0.12879895 0.41532103]
 [0.12879895 0.41532103]
 [0.18116804 0.86328868]
 [0.8356166  1.17012537]
 [1.10243236 1.33536272]
 [0.70292848 0.99823547]
 [0.49438735 1.47947922]
 [0.30819335 1.54016338]
 [0.24328757 1.65590683]
 [0.24328757 1.65590683]
 [0.24328757 1.65590683]
 [0.24328757 1.65590683]
 [0.40267419 1.81257321]
 [0.3256424  1.70679101]
 [0.70086718 0.62544507]
 [0.66980648 1.03743967]
 [0.60670878 1.0630685 ]
 [0.19084271 1.24519076]
 [0.19084271 1.24519076]
 [0.66722183 1.58687515]
 [0.66722183 1.58687515]
 [0.9296309  1.6773149 ]
 [1.46177578 1.96501355]
 [1.46177578 1.96501355]
 [1.22000937 1.4351209 ]
 [0.08384052 1.12025804]
 [0.06153161 0.96211225]
 [0.06153161 0.96211225]
 [0.06153161 0.96211225]
 [0.06153161 0.96211225]
 [0.90098449 0.62046232]
 [0.03641789 0.76120507]
 [0.03641789 0.76120507]
 [0.22229016 0.8689544 ]
 [0.09483013 0.74657498]
 [0.38636077 0.76312607]
 [0.31260601 1.07036859]
 [0.74067272 0.90019321]
 [0.83429317 1.25691457]
 [0.82322728 0.84043043]
 [0.91757084 1.62132209]
 [0.50374442 1.76736094]
 [0.98603624 1.75021564]
 [0.61747277 1.84644853]
 [0.61747277 1.84644853]
 [0.65764677 1.8108701 ]
 [0.96045188 1.06013632]
 [0.89094355 0.41235717]
 [0.89094355 0.41235717]
 [0.95625921 1.04880345]
 [1.48513118 0.51172844]
 [1.06459337 0.85019014]
 [0.93128063 0.83071726]
 [0.40666171 1.00480725]
 [0.40666171 1.00480725]
 [0.53358963 0.82417466]
 [0.33540346 0.51756591]
 [0.33540346 0.51756591]
 [0.29997348 0.1874145 ]
 [0.29997348 0.1874145 ]
 [0.44804917 0.36580149]
 [0.70988471 1.22634388]
 [0.58246263 0.51211326]
 [0.58246263 0.51211326]
 [0.58246263 0.51211326]
 [0.26321888 0.68270192]
 [0.26321888 0.68270192]
 [0.57520105 0.58731987]
 [0.49750216 0.01902167]
 [0.42904542 0.08993832]
 [0.66489276 0.0767669 ]
 [0.66489276 0.0767669 ]
 [0.66489276 0.0767669 ]
 [1.16433897 0.78869014]
 [0.41758404 0.97578358]
 [0.25802887 1.55970822]
 [0.22878438 1.59067038]
 [0.36491715 1.8108184 ]
 [1.44191481 1.42151852]
 [0.09606951 1.25601948]
 [0.09606951 1.25601948]
 [0.59153458 1.09382429]
 [0.84071772 1.15479566]
 [0.60816329 0.94866558]
 [0.68422536 1.28214088]
 [0.65502043 1.55428374]
 [0.63870786 0.84007243]
 [1.00779131 0.75279133]
 [0.81613298 0.33748625]
 [0.99271701 0.12066882]
 [0.99271701 0.12066882]
 [0.78902773 0.19506608]
 [0.78902773 0.19506608]
 [0.78902773 0.19506608]
 [1.02492235 0.26493233]
 [1.00506323 0.54160462]
 [1.39135714 1.10812488]
 [0.75160633 0.62948656]
 [0.69762231 0.64098961]
 [0.73327143 0.96235151]
 [0.89504083 1.50652663]
 [0.75486344 1.51664213]
 [0.75486344 1.51664213]
 [0.64639951 1.18755475]
 [1.07805478 1.76503504]
 [0.99570001 1.83401958]
 [0.99570001 1.83401958]
 [1.16919349 1.94484774]
 [1.16919349 1.94484774]
 [1.26679962 1.9254607 ]
 [1.2941128  1.68134622]
 [1.2083527  1.4890348 ]
 [1.36904046 1.18633074]
 [1.64640033 0.94435399]
 [1.73708544 1.63417475]
 [1.58879465 1.78541334]
 [1.90033249 1.9935095 ]
 [1.08536634 1.68255816]
 [0.85228746 1.59317257]
 [0.70889376 0.9077907 ]
 [1.01874005 0.23469817]
 [1.29660988 0.33935725]
 [1.29660988 0.33935725]
 [1.56974172 0.46915012]
 [1.56974172 0.46915012]
 [1.85705271 0.52179162]
 [1.35741903 0.20488045]
 [0.80643424 0.07428159]
 [0.48305718 0.20898982]
 [0.52509949 0.56765484]
 [0.97129252 0.52786445]
 [0.991789   0.80015006]
 [1.52106047 0.52509818]
 [1.52106047 0.52509818]
 [1.52106047 0.52509818]
 [1.52106047 0.52509818]
 [1.33016001 0.35484506]
 [1.33016001 0.35484506]
 [1.33016001 0.35484506]
 [1.80639821 1.12484157]
 [1.80639821 1.12484157]
 [1.99090632 0.9564914 ]
 [1.99090632 0.9564914 ]
 [1.31990585 0.87550475]
 [1.40758443 1.26549307]
 [1.00186201 0.92984318]
 [1.71014393 0.72953536]
 [1.36185716 1.0603537 ]
 [1.95808879 0.75874362]
 [1.90397779 0.46099784]
 [1.90175358 0.73682039]
 [1.90175358 0.73682039]
 [1.90175358 0.73682039]
 [1.19620844 0.39401521]
 [0.97923126 0.59274178]
 [1.29606167 0.03485019]
 [1.73497669 0.06664035]
 [1.24014522 0.53663087]
 [1.36310671 1.06693246]
 [1.68316762 1.47069322]
 [1.68316762 1.47069322]
 [1.61639091 1.40665404]
 [1.58649223 1.92391049]
 [1.58649223 1.92391049]
 [1.58649223 1.92391049]
 [1.62761101 1.43765787]
 [1.62761101 1.43765787]
 [1.5842971  1.12985572]
 [1.55983694 1.33389502]
 [1.29954308 1.34609725]
 [1.81740836 0.60471766]
 [1.81740836 0.60471766]
 [1.56309695 1.07632937]
 [1.75362725 1.0999317 ]
 [1.75362725 1.0999317 ]
 [1.23651695 1.37193876]
 [0.81175426 1.18384634]
 [0.81175426 1.18384634]
 [1.01830069 1.141237  ]
 [0.56609171 1.30563442]
 [0.47375187 0.68395297]
 [1.12195085 1.31682746]
 [1.24387052 1.0642146 ]
 [1.61151133 0.9136641 ]
 [1.61151133 0.9136641 ]
 [1.48734888 0.77755967]
 [1.48734888 0.77755967]
 [1.95868112 1.08487958]
 [1.38498082 0.95666283]
 [1.38498082 0.95666283]
 [1.3418644  0.90187229]
 [1.48637464 1.49792355]
 [1.05908902 1.46625863]
 [1.68110821 0.85809209]
 [1.47654328 0.83331445]
 [1.18424901 0.81401442]
 [1.18424901 0.81401442]
 [0.90559149 1.06478863]
 [0.83873475 0.39474239]
 [1.37963326 0.09731884]
 [1.37963326 0.09731884]
 [1.62524921 0.97817756]
 [0.98928347 1.25716134]
 [1.14865038 0.48465514]
 [0.4473349  0.68256531]
 [0.69586609 0.55896335]
 [0.11672324 1.64887311]
 [0.11821957 0.95249929]
 [0.11821957 0.95249929]
 [0.83404639 0.81653701]
 [1.23337174 0.70796147]
 [1.23337174 0.70796147]
 [1.15153044 0.91100341]
 [1.99379136 1.11198617]
 [1.99379136 1.11198617]
 [1.99379136 1.11198617]
 [1.99379136 1.11198617]
 [1.99379136 1.11198617]
 [1.69242658 1.17562678]]","[     0.           -931.23339491   -332.04592543  -2060.07413566
   -677.06138647   -258.75524683   -384.57884571   -384.57884571
   -485.93795068   -740.75005145  -1106.51276946   -873.53927515
   -518.17271881   -939.12246366   -464.64608022   -928.22918491
   -214.45647481   -298.78462143   -426.85439559   -237.47909139
   -235.44271111   -356.04089617   -930.19771802   -219.02597305
   -298.6789654    -298.6789654    -231.72192607   -298.31588045
   -301.66319888   -301.66319888   -460.82163188   -484.1260658
   -392.80318149   -517.67099228   -479.19497846   -479.19497846
   -479.19497846  -1023.50822375  -1023.50822375   -771.29152519
   -771.29152519   -467.71164782   -467.71164782   -233.95640089
   -292.35222868   -223.61467323   -216.72913046   -233.66344744
  -4849.14221565  -4849.14221565  -4849.14221565  -4849.14221565
  -4849.14221565  -4849.14221565  -4849.14221565  -7558.78233927
  -7558.78233927  -7558.78233927  -7558.78233927  -7558.78233927
  -5903.31328119  -5903.31328119  -1327.93725828  -1804.35327217
  -1804.35327217 -12829.25847284 -12829.25847284  -3910.55787362
  -3910.55787362  -3910.55787362   -832.9161645   -5713.31974274
   -564.74892718   -376.91825678   -458.71641478   -576.72327766
   -965.49708981   -562.29443043   -798.53624897   -447.92982601
  -1347.81128356  -1347.81128356  -1553.07401142  -1553.07401142
  -1138.57177221   -215.92830468   -435.64714081   -293.68202274
   -389.48500774   -740.25931771   -713.52812564   -713.52812564
   -713.52812564   -713.52812564   -361.34001034   -669.82829333
   -307.29510065   -297.36989838   -284.74207334  -1078.34120296
  -1078.34120296   -267.44956803   -267.44956803   -566.33045727
 -12482.42416567 -12482.42416567  -1083.22560084  -1405.18723265
   -980.45074342   -980.45074342   -980.45074342   -980.45074342
   -279.7736206   -1284.19493374  -1284.19493374   -904.87346541
  -1513.41732333   -632.25712395   -749.36611902   -285.04583106
   -210.09881301   -262.99702874   -460.23513898   -348.33853865
   -993.75606184   -342.97606275   -342.97606275   -260.10920984
   -206.72779789   -321.10976869   -321.10976869   -209.15456953
   -228.18584658   -210.24924425   -241.20651027   -547.49972927
   -547.49972927   -530.88932158   -948.05437737   -948.05437737
   -794.26062717   -794.26062717   -879.0285381    -224.50209433
   -558.34162367   -558.34162367   -558.34162367   -778.60646161
   -778.60646161   -517.25378783   -746.76992413   -801.93144639
   -559.43976289   -559.43976289   -559.43976289   -216.68499154
   -510.49995422   -852.83058326   -689.96995976   -378.30671035
  -2543.05940956  -1181.12321225  -1181.12321225   -384.87429565
   -214.96991378   -364.34251964   -299.79083007   -231.18008296
   -320.166985     -228.01941523   -436.82979979   -411.87840185
   -411.87840185   -392.21340753   -392.21340753   -392.21340753
   -332.95200224   -258.1026927    -575.45222252   -298.75746075
   -342.11501076   -269.80921484   -302.30267374   -248.91649009
   -248.91649009   -321.34170258  -1697.77412565  -1350.25530996
  -1350.25530996  -4247.50591195  -4247.50591195  -5949.73138158
  -3441.66515519  -1256.35160953   -737.06876593   -634.8529954
 -12078.46921606 -11883.83543953 -37974.5094114   -1358.67333145
   -310.74673033   -266.42045684   -383.77235897   -274.73569865
   -274.73569865   -227.58882082   -227.58882082   -250.53468711
   -305.11763553   -529.19728493   -916.2723       -498.86783642
   -275.60334512   -230.8813278    -229.17113268   -229.17113268
   -229.17113268   -229.17113268   -277.85855733   -277.85855733
   -277.85855733  -2643.81387781  -2643.81387781  -2051.24262875
  -2051.24262875   -220.99787511  -1219.63050291   -212.66956519
   -294.6478288    -417.78607984   -616.06898776   -253.04368736
   -445.70765696   -445.70765696   -445.70765696   -275.53196184
   -265.18145179   -386.07692654   -342.86130602   -241.57069239
   -430.60614657  -6721.01303995  -6721.01303995  -4421.2008012
 -16221.29868075 -16221.29868075 -16221.29868075  -5067.96789004
  -5067.96789004  -1286.79021387  -2851.59472557  -1090.63126292
   -255.36317233   -255.36317233   -913.56074037  -2035.34166342
  -2035.34166342   -916.654204     -222.07227457   -222.07227457
   -213.48673537   -279.85518382   -671.24192705   -446.84051891
   -291.45237933   -492.99061231   -492.99061231   -231.40800897
   -231.40800897  -3802.34562413   -294.40921869   -294.40921869
   -243.24364072  -3929.54766658   -564.69459781   -445.87246929
   -254.17703543   -209.77143609   -209.77143609   -228.17905596
   -341.81252322   -359.30820777   -359.30820777   -701.30821823
   -240.88535133   -251.65947469   -569.2154739    -445.03702176
  -1240.78255285  -1353.65501735  -1353.65501735   -245.09759872
   -213.80969147   -213.80969147   -204.80606522  -4366.19400474
  -4366.19400474  -4366.19400474  -4366.19400474  -4366.19400474]",0.73
1,0.9918502044677734,"[[1.23885077 0.96512676]
 [1.32414336 0.74699061]
 [1.61016489 0.67845411]
 [0.95341797 1.15885013]
 [1.01693343 0.86552872]
 [0.89290873 1.18269199]
 [1.93280694 0.6497892 ]
 [1.33326854 0.781903  ]
 [0.57146795 0.91274811]
 [0.80018576 1.0067981 ]
 [1.36517511 0.13604379]
 [1.04414526 0.92956933]
 [1.58008041 0.81581438]
 [0.9261879  0.57545427]
 [1.32484571 0.47891783]
 [1.153127   0.67636852]
 [1.2790922  0.64413948]
 [0.82153761 0.90349095]
 [0.67784712 0.99003545]
 [0.80575323 0.11854805]
 [1.22852722 0.7189212 ]
 [1.18079909 1.03680119]
 [1.03193518 0.8670196 ]
 [1.51721159 0.52800091]
 [1.18822041 0.448325  ]
 [1.19448415 0.61827839]
 [1.28935665 0.61754601]
 [1.22057625 0.28781451]
 [1.16410639 1.08654369]
 [0.99306543 1.0545884 ]
 [1.47541361 0.81785045]
 [0.61451608 1.19006586]
 [0.64726484 0.93676029]
 [0.68975645 1.72414936]
 [1.14619168 1.05656489]
 [1.34605248 0.94452799]
 [1.04834028 1.1368112 ]
 [1.03183015 0.77367977]
 [1.35678898 0.62353781]
 [1.12110062 1.08528679]
 [1.43932497 0.0341213 ]
 [1.05310564 0.95552305]
 [1.58234018 0.49154992]
 [0.69311981 1.62424813]
 [1.25984505 1.02019365]
 [0.99889398 0.64230869]
 [1.49834896 0.64697817]
 [0.82704268 1.23146285]
 [1.65839514 0.72589404]
 [1.3050862  1.09351302]
 [1.46107104 0.17322817]
 [1.32231985 0.42766751]
 [1.35258099 0.74573004]
 [0.46070265 0.52488523]
 [0.8806017  0.26096839]
 [1.46365385 0.82541276]
 [1.4663728  0.18592307]
 [0.79943407 1.53698077]
 [1.44654054 0.59233791]
 [0.93121027 0.73863137]
 [1.58030755 0.8073328 ]
 [1.02149951 1.27336285]
 [1.07205449 0.79020784]
 [0.90269389 0.50364184]
 [0.9529628  1.03437929]
 [1.71430135 0.63026835]
 [1.41604433 0.45538916]
 [1.05860307 0.6033378 ]
 [1.00599361 1.47717445]
 [1.24597096 0.81833729]
 [1.11191428 0.60848167]
 [1.26748486 0.52445767]
 [0.45789247 1.98049855]
 [0.96316057 0.92202533]
 [0.91779826 1.33932412]
 [1.52027259 0.54189842]
 [1.412927   0.57458662]
 [1.06461256 0.94849846]
 [1.50011757 0.42582519]
 [0.53614228 1.35147127]
 [0.54160017 1.2249386 ]
 [0.83771862 0.81240437]
 [1.4556224  0.69201337]
 [0.56443456 0.89366241]
 [0.98243646 1.01031353]
 [1.2910291  0.75140097]
 [1.41349844 0.91616199]
 [1.20194884 0.64285552]
 [1.28494755 0.6648735 ]
 [1.28201641 0.99197263]
 [1.84138596 0.52287625]
 [1.19984694 1.15768492]
 [1.19922552 0.90471125]
 [0.81625385 1.2507349 ]
 [1.29308626 0.61259271]
 [1.3885715  0.52822357]
 [1.15888903 0.33066714]
 [0.64890791 1.8331882 ]
 [1.5005668  0.58256655]
 [0.82592374 0.27639669]
 [0.84478705 0.47129598]
 [1.07834133 0.69287708]
 [0.89935884 0.46129108]
 [1.43949148 0.46998528]
 [0.92557793 0.11375964]
 [0.72465922 0.48472922]
 [0.79200494 1.60313805]
 [1.1298734  0.43311443]
 [0.76279098 0.67047373]
 [0.68446578 1.50379251]
 [0.70983471 1.22286721]
 [0.56669759 1.02121177]
 [0.96464175 0.70090183]
 [1.03391896 0.89594095]
 [0.7035209  0.52095832]
 [0.65438188 1.67194578]
 [1.27783239 0.82610444]
 [0.29950376 0.75015888]
 [0.96019814 0.52279015]
 [1.54416276 0.33677584]
 [1.11559891 0.57261473]
 [1.51046254 0.60141658]
 [1.07736224 1.24325427]
 [1.14930498 1.1066098 ]
 [1.14203229 0.66672675]
 [0.44943903 0.97108619]
 [1.04806728 0.47541553]
 [0.93696815 0.89560636]
 [1.37216981 0.26619345]
 [1.13456755 0.73674025]
 [0.91142984 0.7775561 ]
 [0.55179217 1.90010222]
 [1.08474299 0.72280661]
 [1.19907294 0.78643445]
 [1.09601529 1.23570086]
 [0.90384464 0.97534678]
 [0.56033787 1.0122963 ]
 [0.8615949  0.69963716]
 [1.54683569 0.53288208]
 [1.46597618 0.43788137]
 [0.92338688 0.6260125 ]
 [0.70702661 0.57972208]
 [1.28418701 0.59937208]
 [0.90329381 0.58202632]
 [0.62457911 0.92682047]
 [0.90332281 0.94926774]
 [0.656313   0.59308088]
 [1.41982452 0.68033229]
 [1.39026913 0.52432269]
 [0.99573311 0.99249518]
 [0.88114548 1.50836225]
 [0.98544168 0.3692043 ]
 [1.18908671 0.12845706]
 [0.56756686 0.92022576]
 [0.64822038 1.1243406 ]
 [1.09922441 0.34598049]
 [0.68033205 0.84293636]
 [0.94559353 0.25216037]
 [0.8589782  0.43648808]
 [0.47759114 1.69784418]
 [1.40813949 0.94071671]
 [0.68091423 1.48578422]
 [0.34595292 1.96426288]
 [0.92926017 0.47975488]
 [1.52455521 0.49308761]
 [1.78408694 0.40188961]
 [1.64748491 0.48671169]
 [0.6617469  0.82330661]
 [1.67797768 0.81859932]
 [1.7187979  0.5223538 ]
 [1.03474065 0.71467934]
 [1.04875154 0.5596508 ]
 [0.75381818 0.3801778 ]
 [1.37079006 0.88841603]
 [0.71062942 0.92336892]
 [0.60429512 0.47528022]
 [1.45727908 0.37688965]
 [0.94968573 1.23666625]
 [1.88531779 0.74449996]
 [0.77428676 0.01797961]
 [1.14627059 0.98091806]
 [1.09147902 0.37797023]
 [1.15900594 0.45226925]
 [0.70242143 1.07823684]
 [1.15674485 0.4556547 ]
 [1.37175589 0.11000043]
 [1.1852467  0.52567675]
 [0.79299732 1.59359892]
 [1.40321096 0.58979059]
 [1.37177419 0.59909259]
 [0.97119483 0.70513521]
 [1.15630632 0.58040661]
 [1.03817401 0.99842504]
 [0.92993637 1.30651423]
 [0.99261734 0.47079503]
 [1.14664787 0.74647014]
 [0.94870502 0.95720928]
 [1.1062948  0.91019847]
 [1.50849969 0.51915421]
 [1.55080793 0.76657763]
 [0.64969447 1.52278121]
 [1.89542111 0.58439128]
 [0.89069571 0.7230469 ]
 [0.7998648  1.18880268]
 [1.09182372 0.72000724]
 [0.68999214 1.30450673]
 [0.93079823 1.17141357]
 [0.38479277 1.8451135 ]
 [0.8335754  0.59454184]
 [1.15695104 0.72352053]
 [1.33555981 0.78117522]
 [1.44009133 0.95061089]
 [0.92630804 1.53664249]
 [1.02599856 0.36482455]
 [0.65326387 0.87520822]
 [0.71589021 1.51823756]
 [1.11908003 0.85012981]
 [0.83202856 1.01054167]
 [0.51895829 1.90324427]
 [0.74734158 0.49446512]
 [1.14796516 0.59322632]
 [1.56174154 0.51056834]
 [1.17553199 0.83376364]
 [0.75029027 0.97654623]
 [1.43646846 0.46240908]
 [0.92407653 1.49179331]
 [1.13222457 1.27840518]
 [1.65254815 0.74583223]
 [0.97989396 1.06496258]
 [1.26654532 0.89698871]
 [1.72264866 0.58409344]
 [0.7066999  0.96955396]
 [0.7138311  1.13507573]
 [0.4617442  1.9487171 ]
 [1.10021486 0.57251522]
 [1.30086434 0.50162627]
 [1.06941795 1.30698462]
 [1.48955539 0.43314963]
 [1.19614052 0.50963334]
 [0.86107836 0.53399394]
 [0.94144333 0.68311175]
 [1.0432222  0.28485339]
 [1.28470682 0.62087198]
 [0.90534544 1.22601938]
 [1.17041547 1.04063764]
 [1.32374961 0.63876562]
 [0.66516414 1.07602164]
 [1.0144586  1.701723  ]
 [1.13270619 0.90093098]
 [1.19250559 1.15439897]
 [1.56502197 0.8592083 ]
 [1.10902997 0.56828728]
 [0.99235055 0.72979689]
 [0.98743095 0.37609601]
 [0.73251074 0.44405277]
 [0.84809272 1.35851297]
 [0.71592817 1.06440613]
 [1.4281617  0.08402063]
 [0.98704695 0.73234654]
 [0.97320158 0.20060875]
 [1.26831508 0.46961174]
 [0.97352178 1.22688854]
 [1.51761626 0.66175914]
 [0.47543838 1.39475051]
 [1.04689017 0.95857044]
 [0.85890816 0.49609862]
 [1.53917645 0.46100149]
 [1.07749821 0.39171845]
 [1.57307094 0.46514201]
 [1.13114043 0.85606332]
 [1.25996104 0.8023016 ]
 [1.31913506 0.17350397]
 [1.56850064 0.62420127]
 [0.96277617 0.87224745]
 [1.01288649 1.03029637]
 [1.45569265 0.70618115]
 [0.9039475  0.75414348]
 [1.05109993 0.697386  ]
 [0.67369624 1.49352967]
 [1.52590862 0.82938869]
 [1.44328012 0.43961685]
 [1.10056952 0.66021674]
 [1.43000926 0.96891443]
 [1.08529257 1.04756465]
 [1.14170851 0.21252833]
 [1.6060083  0.62609649]
 [0.67423923 1.16056491]
 [0.6450241  1.54051092]
 [1.05695456 1.12043075]
 [1.17754679 0.76169379]
 [1.59654149 0.51718326]
 [0.7759868  0.67591564]
 [0.78190205 1.16613203]
 [0.63720773 0.99613637]
 [1.95038607 0.64150197]
 [1.73672312 0.51900181]
 [1.1614317  0.4777087 ]
 [1.47041499 0.78464462]
 [0.85320326 0.45495799]
 [0.34884069 0.31368914]]","[-248.53186164 -210.73748256 -228.73453778 -210.39729712 -211.94114802
 -213.76414826 -332.3756326  -205.40664945 -349.8993723  -226.29404278
 -340.42319749 -216.35859749 -291.51179791 -282.09043495 -253.3728625
 -224.91282346 -218.06719646 -255.00773611 -254.79177196 -444.09338686
 -213.21854747 -234.59883858 -213.16570552 -232.5731539  -262.78215391
 -236.73874109 -221.86451472 -322.98273121 -230.65105995 -211.09934352
 -246.9669454  -264.87641379 -338.95424599 -263.28114332 -223.077122
 -246.58176857 -209.58887585 -215.19871723 -215.90746971 -258.07342583
 -392.26044635 -201.40026997 -231.30878285 -278.98764356 -270.63978966
 -245.51171417 -213.02003696 -229.20217471 -236.82619134 -391.42348735
 -311.36366128 -256.45788772 -214.92789671 -546.34526516 -345.15460603
 -243.83253324 -309.37416846 -238.49530621 -219.98797213 -248.30928223
 -256.77162967 -264.25046332 -212.44472791 -304.13131922 -205.361497
 -248.08288947 -248.67532103 -251.51777965 -410.98691807 -205.82721529
 -248.34698992 -239.453121   -381.99488049 -230.93830945 -233.20593264
 -226.59450338 -230.70727167 -211.19076409 -240.47510234 -301.66123567
 -366.63753046 -252.93869333 -211.4502188  -398.56312903 -210.08602485
 -207.39814592 -260.55307124 -233.15829328 -218.76263073 -237.49293995
 -246.10253195 -338.46980015 -204.00725021 -212.26978042 -233.00689418
 -240.32927131 -283.92544976 -299.79824944 -218.82077155 -386.26532821
 -299.90535043 -232.9765841  -325.27986615 -245.49850004 -414.06411732
 -367.8240734  -294.79267076 -263.35834053 -288.35614039 -233.13630206
 -242.63190438 -328.52348642 -262.95558547 -212.96941885 -382.94061262
 -259.04401347 -210.55652701 -762.84357157 -276.5705095  -254.01364715
 -241.66390962 -222.25758624 -285.17027213 -279.54030438 -224.28377777
 -467.35335804 -278.56913109 -212.66206782 -293.9405814  -217.64921001
 -253.26898443 -250.2614713  -227.29102861 -209.84636113 -290.95211006
 -218.23080644 -411.10006469 -271.36011244 -227.48485996 -240.67039796
 -264.1038857  -421.75295233 -221.77758808 -286.99427233 -270.72655925
 -231.17119738 -388.15991357 -211.23021654 -229.83718242 -209.78621506
 -269.57357913 -346.9811086  -363.7380105  -358.52414331 -328.30503536
 -309.80684813 -327.89896084 -353.73390886 -332.92044849 -292.41223194
 -308.73852764 -226.29768254 -554.70767042 -313.93899712 -229.81528144
 -237.23891284 -234.86077815 -302.20257398 -409.00799059 -228.01947788
 -231.58710891 -258.18577689 -348.09391542 -248.76414413 -291.90993331
 -384.59929904 -256.44189581 -213.22210169 -498.49899918 -460.29419401
 -220.08892955 -293.16766697 -271.39025909 -233.58937596 -260.79163377
 -372.97153727 -246.16846199 -245.97542456 -222.77812676 -215.55873823
 -250.76566517 -246.53793242 -204.91232712 -251.14711196 -264.43375918
 -220.77622152 -212.40089139 -203.52039204 -227.54726763 -234.66358167
 -235.70843286 -261.25866242 -256.65306127 -228.30470719 -227.14892552
 -252.32584288 -209.65674476 -342.1496432  -310.0073843  -214.70288141
 -214.38535545 -314.4168535  -352.95927808 -317.45057313 -330.67826954
 -284.89722199 -210.18777418 -222.59929878 -269.10014792 -355.63660589
 -227.30270326 -235.47840836 -205.98844593 -260.04373066 -240.29929264
 -333.57582974 -421.17806589 -246.96447828 -202.30565924 -207.22704675
 -238.78258225 -276.69224684 -342.30343631 -355.85332251 -252.6150023
 -248.85918093 -315.148663   -244.64441343 -254.08611587 -329.06036344
 -254.93949263 -343.59669239 -213.9195399  -210.53107145 -240.87009951
 -221.03867456 -321.92580416 -876.77429281 -202.01248406 -340.32425892
 -332.41343609 -257.26647407 -244.94530318 -327.46340856 -424.83717439
 -231.02715319 -243.32256554 -337.39352716 -240.96696156 -427.39111189
 -257.7756352  -232.05918839 -212.24315798 -309.06753675 -206.26473106
 -307.01327608 -238.90509812 -278.90006539 -237.69833786 -205.21040457
 -203.8269228  -313.20228649 -216.31982895 -228.09873687 -206.91055795
 -216.30936778 -248.58681151 -235.07849394 -212.87156043 -280.32331027
 -247.22990064 -238.58767038 -380.01257209 -217.05514696 -361.16333489
 -225.44671543 -307.24403195 -280.41986355 -216.32056816 -208.77612446
 -227.10952602 -322.20261096 -236.54400536 -337.93158642 -416.49345023
 -229.13900399 -262.18491887 -223.32918762 -292.57635582 -693.92210938]",0.9247500000000001
2,0.9408969490753953,"[[1.42760223 0.70053189]
 [1.49765817 0.68972414]
 [1.24890323 0.87955996]
 [1.07499385 1.04746797]
 [1.11274028 0.91165902]
 [0.78531152 1.06609796]
 [0.69643257 1.52983305]
 [1.08497482 0.9716112 ]
 [1.29424427 0.78333895]
 [0.82407979 1.16846075]
 [1.25279496 0.86549062]
 [0.72680537 1.61348122]
 [1.21628943 0.78211496]
 [1.49019368 0.69037457]
 [1.24563567 0.85239757]
 [0.90097004 1.03160615]
 [1.03013835 0.90106484]
 [1.06768246 0.96698876]
 [1.23550786 0.74390012]
 [1.57010011 0.61143963]
 [1.84813538 0.56691262]
 [1.24949359 0.86426424]
 [1.63373729 0.51582461]
 [1.10840223 0.73737509]
 [1.54150136 0.82997496]
 [1.08268186 0.94738779]
 [1.35295649 0.82925484]
 [1.23159159 0.74618994]
 [1.31832456 0.59547377]
 [0.76800142 1.4404509 ]
 [1.04281145 0.79611367]
 [1.09207459 0.17788707]
 [1.47414586 0.70671534]
 [1.00244204 0.88838082]
 [1.02037837 0.98884026]
 [1.16005842 0.74674223]
 [0.91297417 0.99291524]
 [0.77310677 1.30470153]
 [1.00303603 1.00610666]
 [0.99557659 1.13240529]
 [0.83199927 1.1867149 ]
 [0.93283635 1.11526222]
 [1.1219296  0.86021712]
 [0.96765561 0.66850644]
 [1.08486207 1.04963093]
 [1.00130832 1.0254825 ]
 [1.16816204 0.77915693]
 [1.11491595 0.95475462]
 [1.01457153 0.6378139 ]
 [0.64896095 1.60471443]
 [0.6876905  1.60345195]
 [1.18392995 0.82622297]
 [1.18911649 0.85268394]
 [1.72951666 0.61375036]
 [1.23934939 0.58768539]
 [0.98544242 0.90001696]
 [1.19965583 0.71580763]
 [1.20385379 0.58743099]
 [1.14683717 0.97213851]
 [1.25438571 0.71333949]
 [0.93165392 1.0410798 ]
 [1.04409308 0.98413523]
 [1.47389448 0.69247207]
 [1.01018044 0.87235903]
 [0.97254278 0.93416939]
 [1.27895345 0.70006071]
 [1.21479215 0.65348473]
 [0.9720041  1.07028494]
 [1.07541215 1.03015694]
 [1.00190212 1.06650976]
 [1.68432483 0.48068955]
 [1.19100595 0.95057243]
 [1.26393236 0.74358902]
 [1.04812807 0.98654848]
 [1.29317677 0.93256882]
 [1.14644159 0.67928432]
 [1.16753325 0.65660926]
 [1.1804139  0.74722613]
 [0.96607272 1.18159403]
 [0.91170283 1.04278856]
 [0.82767696 1.38839924]
 [0.646865   1.01714089]
 [0.80619762 1.24155297]
 [0.93590749 1.20175586]
 [1.29824344 0.54026798]
 [0.78814293 1.18608755]
 [1.03278844 1.1282957 ]
 [1.34108434 0.7601735 ]
 [1.22701716 0.86134982]
 [0.78764934 1.04406393]
 [0.91839967 1.18299595]
 [0.9409205  0.46908622]
 [0.9449624  1.10527947]
 [0.75747682 1.10214659]
 [1.00821369 0.81672295]
 [0.93282519 0.95084475]
 [1.00832279 0.98022104]
 [1.12493036 0.85480157]
 [1.16722654 0.81679242]
 [1.14051365 0.9776003 ]
 [1.31719642 0.72511801]
 [1.75502244 0.63394121]
 [0.9867957  1.05324583]
 [1.35498579 0.66494649]
 [1.32735007 0.75336774]
 [1.44161517 0.65359268]
 [1.12088506 0.74679726]
 [1.40277859 0.72483509]
 [0.91635574 1.29932034]
 [1.05631365 1.01048455]
 [1.66412786 0.52644764]
 [1.71857028 0.39738691]
 [1.30215025 0.58099051]
 [1.24505335 0.93233992]
 [0.85288657 1.31130079]
 [1.2048669  0.7470652 ]
 [0.9585039  1.05068038]
 [0.85691359 1.29474584]
 [0.9991395  0.92896931]
 [1.39496392 0.48277217]
 [0.92964621 0.85009331]
 [0.8560123  0.98068533]
 [1.08072289 0.84277613]
 [1.25885213 0.78871958]
 [1.45108274 0.76988428]
 [1.70202577 0.5233145 ]
 [1.04516411 1.12695689]
 [0.7204596  1.18526106]
 [1.14652955 0.94153769]
 [1.21079833 0.90901136]
 [1.39535577 0.73080357]
 [0.89541391 1.1748424 ]
 [1.10484218 1.0528707 ]
 [0.75132042 1.46662805]
 [1.80942851 0.49220133]
 [0.99035636 0.82395997]
 [1.18919231 0.50016276]
 [1.0320111  0.94911765]
 [1.09875075 0.94451263]
 [1.41604734 0.70889538]
 [1.29705445 0.75745578]
 [0.82958855 1.04226287]
 [1.19101847 0.90222505]
 [0.88276107 1.12271033]
 [0.87979924 1.25210547]
 [1.02565599 0.5560891 ]
 [0.93430555 1.110792  ]
 [1.51716347 0.68801032]
 [1.07187699 0.78352959]
 [1.16219302 0.56737296]
 [1.1242638  0.67689448]
 [0.86990561 1.06553946]
 [1.23021006 0.85322277]
 [1.54068256 0.22229918]
 [0.83289645 0.9506454 ]
 [1.47209763 0.51579452]
 [1.20364919 0.65545847]
 [0.94012279 0.97120695]
 [1.04888648 0.8627438 ]
 [0.7188831  1.29875638]
 [0.59225336 1.59289932]
 [0.96614459 1.06521093]
 [1.28034024 0.9416894 ]
 [1.05727504 0.89946723]
 [1.57886793 0.59453931]
 [0.93600877 0.98922284]
 [1.36072232 0.76126576]
 [1.35815442 0.59476454]
 [1.42582451 0.70973025]
 [0.92875095 1.05523893]
 [1.50994212 0.6102591 ]
 [1.03982028 1.01988126]
 [0.86621592 1.3423758 ]
 [1.32713572 0.83800316]
 [1.04771797 0.64396582]
 [1.00594963 1.10133124]
 [1.17670295 0.95847364]
 [0.92512872 1.16150564]
 [1.38707386 0.66337178]
 [1.18541806 0.83101971]
 [1.00996719 0.94551189]
 [1.12654603 0.74607898]
 [1.0677233  1.09364856]
 [1.02206323 1.04512481]
 [1.346179   0.83493655]
 [1.18971612 0.90484388]
 [1.50370088 0.49524205]
 [1.22804276 0.83945077]
 [1.47892339 0.53574231]
 [1.53527888 0.69303649]
 [0.688878   1.57973265]
 [0.75988291 1.21491377]
 [0.82053306 0.92679713]
 [1.29885329 0.81215447]
 [1.56197921 0.61749742]
 [1.16869995 1.00204512]
 [1.01146177 0.95044725]
 [1.32637047 0.92061515]
 [1.116465   0.9474833 ]
 [1.2094511  0.79311409]
 [0.87544141 1.35592029]
 [1.66030042 0.60109543]
 [1.21843983 0.88449332]
 [1.31128009 0.68627047]
 [1.08559748 0.48165753]
 [1.14030296 0.8549573 ]
 [1.3300632  0.68587059]
 [0.99760654 0.65622409]
 [1.31350506 0.6888888 ]
 [1.39820073 0.63347615]
 [1.32856212 0.5543833 ]
 [1.55239567 0.66319973]
 [1.05305416 0.85437107]
 [1.09109309 0.98046209]
 [1.21335771 0.69381123]
 [1.01080274 0.94744602]
 [1.52240598 0.61870449]
 [1.81871578 0.55862376]
 [1.15934321 0.72890477]
 [0.97879004 1.05948923]
 [1.49866886 0.76992542]
 [0.83461277 1.32169782]
 [0.98458925 1.04824615]
 [0.74383363 1.45376544]
 [1.63778894 0.46420551]
 [1.041899   1.06165256]
 [0.88612902 0.90712219]
 [1.02875863 0.6878595 ]
 [1.67308438 0.53100413]
 [1.03620437 0.97706371]
 [0.90436635 1.30089208]
 [0.94329428 0.98836064]
 [0.89877635 1.18366867]
 [0.97693096 0.86008489]
 [0.99305674 1.0874022 ]
 [1.13613057 1.04306739]
 [1.27218452 0.75305554]
 [1.32124662 0.797243  ]
 [1.10941083 0.75611981]
 [1.0051199  1.05960592]
 [1.66337875 0.46487814]
 [1.2758154  0.77503393]
 [0.94773413 1.08241207]
 [0.81110557 1.29965585]
 [1.09622549 0.5738807 ]
 [1.23909547 0.7349362 ]
 [1.07034008 1.0296118 ]
 [1.28074559 0.79680186]
 [1.09192053 0.67357967]
 [1.3701561  0.76585956]
 [0.98214702 1.12620948]
 [1.16170512 0.9078377 ]
 [1.10752395 1.03145356]
 [1.73698323 0.57165115]
 [1.16214059 0.87178338]
 [1.31488276 0.7537092 ]
 [0.88487954 1.08558998]
 [1.35923735 0.814414  ]
 [1.41433034 0.6652513 ]
 [1.1004013  1.07799333]
 [0.86847236 0.90589367]
 [1.45023855 0.53168048]
 [0.79466076 1.4028802 ]
 [0.98776872 1.00289544]
 [1.25271929 0.7881816 ]
 [1.1290985  0.93426979]
 [1.08329978 0.64969815]
 [1.04565763 0.92106686]
 [1.15666632 0.76954402]
 [1.0431333  1.0246038 ]
 [0.99741814 0.91796829]
 [1.47289742 0.41563204]
 [1.12498196 0.81553918]
 [1.0116675  1.00294345]
 [1.22822864 0.9125044 ]
 [0.98544493 1.13411852]
 [1.04266276 1.02756064]
 [0.93039131 0.99254582]
 [1.4628713  0.6771188 ]
 [1.25144801 0.60953023]
 [1.59942109 0.57589904]
 [1.58747313 0.73355388]
 [1.05428023 0.66390632]
 [1.40917107 0.78491176]
 [0.66230635 1.67570398]
 [1.91727657 0.55663307]
 [1.39677203 0.84833714]
 [1.2507085  0.64210847]
 [1.02468795 0.97922728]
 [1.58894294 0.71093763]
 [1.08024005 1.13120539]
 [1.11620233 0.90149346]
 [1.54504433 0.57077548]
 [1.2983201  0.75947478]
 [1.35334099 0.80003285]
 [1.57737076 0.41400495]
 [1.65890386 0.72449134]
 [1.62939618 0.59252248]
 [1.42210199 0.43983212]
 [1.32229327 0.63883976]]","[-213.08571549 -210.88752008 -209.38882369 -217.20122378 -206.6110779
 -226.78868572 -213.41223311 -211.58520722 -205.14049986 -211.53475363
 -208.6505647  -222.42731932 -206.43510912 -213.70110417 -209.21468057
 -209.49301787 -215.06647919 -204.66720146 -210.40345284 -220.62983147
 -263.87942295 -209.17244734 -228.02984113 -221.59073786 -272.51620667
 -206.31907062 -226.61210642 -206.80208157 -233.2533504  -226.27593583
 -220.44422617 -335.36332459 -212.35761798 -216.10113216 -206.19872377
 -221.83586898 -220.15378176 -219.14051877 -204.92752372 -210.35988335
 -219.64189207 -210.09394546 -206.61264257 -246.21166308 -203.64295298
 -201.53620866 -210.728397   -208.78203094 -248.44352636 -221.83593626
 -211.14146203 -208.20879767 -210.09393766 -233.38015703 -241.24492258
 -215.33540742 -214.17172071 -233.34594657 -211.27061245 -211.09097154
 -209.79782771 -203.75247108 -213.21772857 -219.85818593 -210.66814797
 -218.54621406 -219.96885728 -205.88681681 -209.83399243 -203.62033783
 -230.66914803 -216.65878501 -208.08578696 -208.4476691  -232.48201428
 -227.69868556 -230.72819545 -212.84419243 -214.03437732 -208.28645155
 -211.35847522 -287.16778921 -227.34561263 -217.49985306 -236.84123926
 -227.51403982 -215.94401017 -212.39970954 -207.0988359  -229.40637186
 -220.0292037  -297.68779586 -207.17969538 -249.33171068 -225.54977139
 -238.13278522 -201.69060853 -208.45895665 -202.9595027  -207.94828225
 -210.30985375 -255.55180964 -202.22601616 -214.92595132 -210.95263364
 -211.41822772 -216.44607017 -211.08771792 -220.71007162 -207.24871959
 -225.13499864 -257.56191472 -223.79509039 -217.44318902 -212.19222827
 -217.91547418 -205.2947712  -211.1032647  -209.7240475  -240.6482939
 -226.51820667 -251.27541806 -209.54693055 -212.10962823 -228.56147282
 -231.84937295 -224.54855329 -243.2567438  -205.54136411 -209.83157602
 -209.38176143 -206.40669604 -219.11432905 -213.03390295 -244.73142489
 -220.89056914 -250.46193146 -209.60284701 -199.73870013 -212.40836238
 -207.61100249 -236.09254218 -204.94157723 -207.48562596 -205.96915633
 -257.3095152  -216.24671844 -219.37373638 -214.11907898 -245.19458386
 -231.45504256 -213.16268974 -206.18786524 -301.8493428  -238.42027547
 -225.39627987 -223.69630288 -206.32712636 -218.35264883 -240.69831984
 -221.63121822 -210.78012199 -228.58362624 -207.23330401 -218.71750759
 -217.01639733 -214.01056039 -222.64669888 -213.11197207 -204.28156891
 -216.91753359 -204.78075691 -218.99161733 -214.53065429 -235.88195655
 -206.5592966  -222.71285862 -203.80262518 -219.14896542 -210.76109302
 -210.42910988 -220.85235143 -229.20913628 -213.90247251 -218.87994254
 -204.98145017 -234.31674934 -206.60249539 -226.44081514 -218.85680046
 -213.16758223 -231.01406702 -243.76851017 -209.35145862 -223.87330382
 -220.497331   -210.27955717 -255.06458189 -207.42002719 -209.99233722
 -219.86423542 -233.33387142 -206.87979973 -214.94220979 -263.06373031
 -204.30180016 -217.75335259 -251.84017736 -213.75653815 -223.8389238
 -236.00543262 -223.36317269 -219.43953346 -204.77239056 -217.84926384
 -208.96228723 -216.64930128 -239.72283068 -220.22243228 -208.94557523
 -245.95410908 -212.26262436 -202.50373316 -211.54210815 -232.8659527
 -213.4418646  -223.41819112 -235.40913946 -229.3146328  -206.16481674
 -214.76465304 -213.5194648  -207.11938867 -223.23859507 -209.35726302
 -215.47507892 -205.18751363 -212.62662483 -213.5227492  -203.34040391
 -234.9182751  -207.81276396 -209.52821783 -205.05878234 -248.1536002
 -215.76849365 -209.08714905 -206.15760399 -222.52658991 -208.47550115
 -217.66860581 -210.76282249 -210.45802002 -225.77746224 -201.07722575
 -210.32830077 -214.4499634  -219.73717358 -208.66712727 -215.63394171
 -245.20898885 -230.43409812 -214.38339823 -210.5983834  -211.17501555
 -204.14570988 -242.72525131 -211.66483425 -210.25746156 -202.81507403
 -213.90389669 -247.83815071 -213.01044819 -207.52465245 -211.38168416
 -208.22830645 -209.33985042 -222.23481492 -211.01056605 -233.59560753
 -224.22833785 -237.9471364  -233.26849713 -224.00498647 -214.00584913
 -251.83513856 -232.89368874 -222.76842684 -206.18478529 -234.23176967
 -221.21731954 -203.3015421  -217.55856449 -211.89454849 -213.57618071
 -243.75896717 -275.7034288  -224.56895279 -241.35266192 -218.02247577]",0.8225000000000002
3,0.768541242592228,"[[1.06479965 0.95098018]
 [1.18252377 0.82035209]
 [1.11400274 0.91785327]
 [1.07571649 0.77732283]
 [0.98419554 0.98601754]
 [1.62560713 0.64024399]
 [1.12299772 0.93979541]
 [0.94362352 1.0126891 ]
 [1.16047113 0.89023055]
 [1.08874346 1.02419777]
 [1.24005997 0.85890125]
 [1.1248319  0.94952126]
 [1.23128738 0.85910822]
 [1.46632886 0.79051751]
 [0.88285134 1.23270003]
 [0.93987208 1.14787348]
 [1.02312233 1.06190822]
 [0.80873837 1.24749134]
 [0.95527432 1.1212049 ]
 [1.03256599 1.00561612]
 [1.01320026 1.03152702]
 [1.23483111 0.87137089]
 [1.15348004 0.88245443]
 [1.48918635 0.65417826]
 [1.10465719 0.8148685 ]
 [0.6407756  1.63076484]
 [1.03172251 1.07077225]
 [0.90142863 1.23477333]
 [0.90478543 1.11499939]
 [0.63827962 1.59788589]
 [1.23138883 0.85127172]
 [1.07256559 0.92026963]
 [1.39649528 0.73511535]
 [1.19027239 0.88703247]
 [1.27447486 0.76710365]
 [0.94235247 1.06842051]
 [1.03131821 0.93094591]
 [1.05520549 0.80339923]
 [1.3425559  0.72676534]
 [1.13387208 0.87635139]
 [1.07078937 1.02709616]
 [0.86778674 1.29946539]
 [0.92714142 0.97813702]
 [1.02405349 1.00141755]
 [1.06361509 1.01724168]
 [1.09222536 0.79252299]
 [1.16541112 0.75766133]
 [1.19746411 0.86470388]
 [1.15279346 0.85724215]
 [0.98644987 1.0667847 ]
 [1.16903095 0.98565367]
 [1.07329397 0.82991373]
 [1.05477425 0.92400524]
 [1.55901692 0.60640703]
 [1.03106787 1.03790763]
 [1.13543563 0.88109371]
 [1.1758894  0.82944784]
 [1.07255351 0.88483932]
 [0.95713505 0.9958956 ]
 [1.29058701 0.81416448]
 [1.05188371 0.9395283 ]
 [1.15563413 0.78579045]
 [1.08313773 0.96579521]
 [0.7974053  1.26717482]
 [1.2652344  0.87204064]
 [1.09030409 0.89115521]
 [1.21671391 0.87475034]
 [1.02441161 1.13583831]
 [1.13552212 0.96066417]
 [1.21487935 0.83914086]
 [1.0619941  0.88564348]
 [1.07467279 0.95352335]
 [1.17551647 0.85063187]
 [1.00546836 0.88305325]
 [1.06407095 1.07765664]
 [0.94854064 1.21731989]
 [0.89127932 1.22485951]
 [0.95916503 1.15227458]
 [0.93479002 1.08131478]
 [0.92907669 1.14599584]
 [1.10715198 0.824319  ]
 [1.30938864 0.78477794]
 [0.98615311 1.09018932]
 [1.20926012 0.70456773]
 [1.28281792 0.78712767]
 [1.14750297 0.68348464]
 [0.95447327 1.10755134]
 [1.0082587  1.02525512]
 [0.96285874 1.05672726]
 [1.55889515 0.67714283]
 [1.4002443  0.74366997]
 [1.08203442 0.95119035]
 [0.92767601 1.13336113]
 [1.03991587 0.90150746]
 [0.92583615 1.00402142]
 [1.4255153  0.71728327]
 [1.38427744 0.718766  ]
 [1.16834288 0.845043  ]
 [0.61961545 1.67134176]
 [0.74098954 1.32438384]
 [1.20188279 0.73602118]
 [1.08692337 0.94658066]
 [1.03550608 1.05327266]
 [1.32004495 0.74230383]
 [0.98786825 1.11310625]
 [1.07870269 0.95829102]
 [1.42876765 0.74751169]
 [0.98069067 1.03687284]
 [0.99401702 0.91470363]
 [1.1885328  0.90828847]
 [0.96823922 1.07373649]
 [1.18961842 0.91321686]
 [0.96584628 1.11681094]
 [1.04355431 0.91919339]
 [1.28455232 0.81087376]
 [0.95760584 1.14117552]
 [0.85582058 1.17799508]
 [1.03896494 0.97236701]
 [1.29541231 0.73843737]
 [1.13924723 0.95011915]
 [0.9647715  1.04676599]
 [1.07696696 0.89119049]
 [0.90604008 1.19649227]
 [1.29034497 0.87393619]
 [0.58105666 1.62495509]
 [1.25642348 0.81018194]
 [1.004592   0.97942416]
 [1.30194396 0.82035041]
 [1.02558048 0.97628097]
 [0.87924253 1.11007387]
 [0.90827784 1.1904964 ]
 [1.1815407  0.90010688]
 [1.33251449 0.6989864 ]
 [1.04988937 0.96564924]
 [1.06528549 0.88382205]
 [1.27917418 0.70005618]
 [0.98625499 1.06573678]
 [0.60652615 1.57043219]
 [1.125263   0.91309987]
 [1.22746338 0.88359128]
 [1.15698259 0.92383685]
 [1.02176042 1.02160263]
 [1.44893156 0.62251321]
 [0.98853833 1.0733982 ]
 [1.30295002 0.82754325]
 [1.28521374 0.82688203]
 [1.23070445 0.88166071]
 [0.94433207 1.00356405]
 [1.00072662 1.11630453]
 [1.34892483 0.64263524]
 [1.00176998 0.8675347 ]
 [0.92833716 1.1400501 ]
 [1.09768189 0.99532684]
 [1.27855189 0.77644411]
 [0.86765934 1.13965567]
 [1.03450749 1.02634864]
 [0.97457412 1.11008696]
 [1.12543102 0.8615471 ]
 [1.12476982 0.83687673]
 [1.1686051  0.66589549]
 [1.16067237 0.93242577]
 [1.07324941 0.99687095]
 [1.28772228 0.77938675]
 [0.9545253  1.04209572]
 [1.17858923 0.82645144]
 [1.22288149 0.91437631]
 [0.9588685  0.93558783]
 [1.47114674 0.66078956]
 [0.99320728 0.93775027]
 [1.07486728 0.94727789]
 [1.29202197 0.74966795]
 [1.21012264 0.83730768]
 [0.9617489  1.11501185]
 [1.13143545 0.86265311]
 [1.04494563 0.95894096]
 [1.18261985 0.83175374]
 [1.07893301 0.94195304]
 [1.06493862 0.95023093]
 [1.1142935  0.91658176]
 [0.83057731 1.22601472]
 [1.30715761 0.80618514]
 [1.03847509 1.06225556]
 [1.00816935 0.99798032]
 [1.25478849 0.72029927]
 [1.07393718 0.93347187]
 [1.20560294 0.84516877]
 [1.02845084 0.9697109 ]
 [1.30230052 0.79858233]
 [1.30407255 0.85854288]
 [1.24915263 0.73273525]
 [1.20160149 0.82820503]
 [1.00756493 0.93711332]
 [1.2787236  0.82892212]
 [1.21466784 0.94337477]
 [0.95935389 1.13562   ]
 [0.97606122 1.02923312]
 [0.98785134 1.07463783]
 [1.11333375 0.85089123]
 [1.15792167 0.93117043]
 [0.9578226  1.07412221]
 [0.89327492 1.1628009 ]
 [1.25921835 0.80918885]
 [1.17523935 0.89089624]
 [1.11172956 0.88289203]
 [1.39184114 0.76369726]
 [1.15811858 0.84418466]
 [0.86181463 1.2015236 ]
 [1.39994308 0.72442131]
 [1.05453997 0.99673998]
 [1.21325032 0.68019348]
 [1.09843745 0.87259231]
 [1.18170302 0.80345461]
 [1.10966054 0.91074498]
 [1.19801638 0.88594343]
 [0.96064477 1.06851454]
 [0.90683418 1.07661632]
 [1.29385084 0.77738215]
 [1.24882629 0.82032596]
 [1.02713672 1.08133302]
 [1.13662824 0.91117389]
 [1.16266582 0.85887785]
 [1.13413914 0.88638592]
 [1.02246788 1.0002838 ]
 [1.0248117  0.85215515]
 [1.00459961 1.00704137]
 [1.12033598 0.98279517]
 [0.80588109 1.23336526]
 [1.04518672 0.98978386]
 [1.16102777 0.91283878]
 [0.99714607 1.07629432]
 [0.91258171 1.1168455 ]
 [1.25478812 0.81379219]
 [1.04103657 1.08900656]
 [0.98187197 1.03901106]
 [1.05282133 1.00548565]
 [0.66923516 1.62907875]
 [1.10317091 1.01707803]
 [0.85558803 1.20809021]
 [1.14268284 0.93022013]
 [0.89442322 1.009043  ]
 [1.14182575 0.87508014]
 [0.89920724 1.22341354]
 [1.46323475 0.58904606]
 [1.33737842 0.68136059]
 [0.97687812 1.0719234 ]
 [0.96756312 1.02724624]
 [1.44742418 0.77409097]
 [1.08752824 0.91701104]
 [0.98921669 1.04608172]
 [0.8954398  1.18104477]
 [1.11134011 0.75575419]
 [0.90812305 1.1483541 ]
 [1.16644934 0.87004692]
 [1.21210527 0.83855777]
 [1.25947388 0.79916997]
 [1.07431037 0.91125591]
 [1.18923263 0.76311676]
 [0.94423912 1.03034884]
 [0.65717858 1.59006161]
 [0.92900241 1.18978106]
 [1.00428562 0.92598094]
 [1.10767052 0.93201409]
 [1.20277098 0.83180024]
 [1.30492151 0.7659771 ]
 [1.06629659 0.97800763]
 [1.22042693 0.84400961]
 [1.20176827 0.8762682 ]
 [0.91447518 1.17226861]
 [1.03480471 0.97998727]
 [0.86878808 1.06264223]
 [1.29941907 0.80536042]
 [1.11666077 0.9063467 ]
 [1.02514037 1.04422138]
 [1.16089057 0.99522998]
 [1.20850287 0.81470227]
 [1.05364786 0.88364369]
 [1.10150345 1.01425702]
 [1.07149423 0.93252718]
 [0.99969329 1.12881293]
 [1.00887823 1.03311122]
 [1.04232475 0.96164527]
 [1.19970446 0.76891392]
 [1.11088262 0.88898843]
 [1.03875384 1.01120316]
 [1.2049179  0.84010575]
 [0.99891014 1.02727908]
 [1.03915459 0.94227448]
 [1.0673804  1.0380626 ]
 [1.12903048 0.98634878]
 [1.32025206 0.79176016]
 [0.86662768 1.15206996]
 [1.03483024 0.95717448]
 [1.05379687 1.09579223]
 [1.04810842 0.88622176]
 [1.56211549 0.63696592]
 [0.96462805 1.04073845]
 [1.1761762  0.77122399]
 [1.19369114 0.80089755]
 [1.13145884 0.89721035]
 [1.16700052 0.94209658]]","[-200.36299021 -203.78557759 -200.83204193 -213.53263826 -204.62591049
 -219.19304368 -205.8654236  -208.49420095 -202.2391181  -215.96505223
 -206.80584663 -207.802798   -204.9438109  -229.18275706 -206.58420617
 -209.79996011 -211.88689868 -210.40954498 -205.04520974 -203.76774599
 -204.92288101 -201.59328344 -200.02909606 -216.38703046 -212.16296167
 -210.26041901 -204.96343509 -206.18362628 -205.70148106 -212.52717595
 -204.89669535 -207.57889338 -209.99997867 -206.29456707 -208.0830312
 -204.26831053 -210.94443188 -214.92885004 -211.67883576 -208.54954705
 -207.15577512 -211.25552376 -212.81271202 -205.97594025 -204.14364075
 -207.474038   -207.88289211 -205.35613444 -208.91092548 -202.89546674
 -211.12984829 -212.86712976 -202.71428974 -225.29558214 -203.90259552
 -206.15850421 -203.23771148 -206.06935083 -208.36516692 -206.64007589
 -208.32277283 -205.23086644 -206.96742063 -211.08456122 -206.724175
 -201.81613179 -206.79841597 -214.49746326 -207.89507889 -205.00645496
 -209.90597562 -206.42714953 -205.01898516 -210.67038503 -211.3039187
 -210.84296329 -202.79408765 -206.94797415 -203.28479548 -205.07753762
 -212.00708764 -205.91027358 -207.20924349 -214.59755383 -203.9992284
 -221.62442781 -199.10465129 -201.83814805 -207.1192359  -212.76100353
 -211.76716568 -201.82237127 -205.23806203 -206.58753916 -209.55226685
 -207.32441655 -207.16835088 -205.01629489 -214.23542378 -213.57070036
 -214.27857406 -208.91947913 -203.44448226 -209.06273484 -207.08403547
 -205.82228739 -211.02812474 -201.44513525 -212.35216406 -209.26920999
 -202.64604851 -201.70960142 -202.96242947 -205.74516575 -202.4036118
 -206.98166472 -211.97131755 -204.47496163 -205.46189761 -206.99158004
 -202.05490448 -204.34815675 -204.5595767  -213.1133639  -229.87792476
 -205.38607601 -201.86696587 -206.37300894 -201.1036149  -207.19103905
 -209.84785102 -205.39464074 -208.96514171 -208.50316174 -204.22654416
 -211.69864253 -201.52051418 -220.4256004  -205.42150418 -209.90314116
 -207.13207807 -200.4128689  -218.33272508 -203.47278454 -210.16513797
 -211.65406748 -207.01349647 -210.63966784 -207.07718959 -215.32256455
 -217.19746843 -203.66351252 -205.18172933 -206.16847537 -213.58829587
 -207.32874883 -205.83544188 -203.25241947 -209.56597773 -226.24187242
 -211.45463412 -202.26093637 -205.5793049  -200.25131036 -204.4821373
 -206.72522539 -215.67846114 -214.38563897 -208.12776126 -208.87825663
 -206.92614875 -212.85719241 -209.41669827 -203.89828019 -204.79358044
 -206.649155   -201.88837519 -201.9098897  -199.24206446 -209.34218989
 -205.01628962 -203.35330982 -205.50588314 -208.3971412  -200.46115205
 -204.97543448 -206.96079675 -207.44835179 -212.05373873 -212.2579372
 -201.1345793  -203.46806008 -207.22110958 -207.97730811 -205.78483397
 -203.01007566 -208.40657075 -216.03048044 -212.12747246 -205.05723248
 -202.80245512 -203.5739153  -202.58120935 -204.44267988 -209.7533876
 -203.31634728 -204.55523958 -210.93018438 -203.17495079 -216.96302352
 -203.64999619 -204.19637156 -206.5271231  -202.86752961 -200.32591941
 -209.6399082  -206.83741909 -202.66976283 -205.28402446 -200.84676406
 -205.97986247 -201.64812778 -205.14041909 -211.75167231 -203.99420257
 -207.73937185 -212.18976903 -205.66917117 -208.47576735 -200.33865574
 -211.29681895 -207.71999336 -205.79198375 -203.73695679 -206.76843435
 -208.58586509 -208.04011393 -210.19462326 -202.97996037 -216.83567565
 -201.83147065 -208.75021386 -215.4678632  -210.26575319 -197.71812307
 -207.62945227 -215.70858151 -200.19652483 -201.77140909 -209.27189958
 -212.09968372 -205.41724277 -208.06862831 -205.261208   -201.66758076
 -203.18405528 -217.99924864 -204.05281747 -212.30405953 -207.4485605
 -208.20113984 -200.72285261 -204.50055447 -212.30378741 -201.34131345
 -205.34628182 -206.22673658 -206.11522963 -204.487209   -208.65456784
 -206.43043769 -201.85588521 -200.73581899 -210.71703418 -201.10718595
 -210.23809403 -209.0569513  -209.89048739 -207.53665755 -204.3074862
 -203.95217432 -208.74540276 -202.87044447 -205.36284713 -203.13827053
 -203.87421417 -204.09926084 -212.61911959 -204.30450664 -210.26424075
 -208.86010877 -206.40033917 -218.06741954 -205.62269012 -217.09661314
 -204.87765687 -206.21948221 -206.79154642 -210.27163896 -203.71480772]",0.56
4,0.4510780284531345,"[[1.11836649 0.88754044]
 [0.92067611 1.06511264]
 [1.02516405 0.99805894]
 [1.12353653 0.9906711 ]
 [1.21134783 0.83205245]
 [1.05632899 0.89097241]
 [0.964467   1.14486591]
 [1.03694277 1.00619712]
 [0.9828467  1.09663912]
 [0.94680371 1.0836573 ]
 [1.13399558 0.88867189]
 [1.07296191 0.9201167 ]
 [1.02173294 0.88034829]
 [0.87981774 1.15370644]
 [0.97687812 1.0719234 ]
 [1.31892061 0.70935231]
 [1.25763929 0.81743982]
 [1.14956193 0.88266884]
 [1.04993385 0.89889259]
 [1.0256897  1.09365645]
 [0.98385202 1.03176259]
 [1.09954282 0.87660089]
 [1.13895013 0.89849866]
 [1.03669505 1.07789118]
 [0.97424158 1.01980527]
 [1.04232258 0.96251344]
 [1.02569565 1.02103947]
 [1.00065831 1.00354079]
 [1.17161053 0.87293305]
 [0.96264343 1.15154537]
 [1.21558335 0.75615681]
 [1.23234825 0.84768852]
 [1.02933651 1.0100479 ]
 [0.98292333 1.05021899]
 [1.28135186 0.77085615]
 [1.1040151  0.89638021]
 [1.09322979 0.93725849]
 [1.09650879 0.98992072]
 [0.89986852 1.16077923]
 [1.07407478 0.92533321]
 [1.23483111 0.87137089]
 [0.99538817 1.01979772]
 [1.05593696 1.03712416]
 [1.09354632 1.00229885]
 [0.94896415 1.10912045]
 [1.0658905  0.91022118]
 [1.15530713 0.89833176]
 [0.97687812 1.0719234 ]
 [1.12799334 0.84610241]
 [1.20882432 0.77928451]
 [1.10172284 0.93060089]
 [1.23736772 0.80903851]
 [1.05951232 1.01536781]
 [1.24235372 0.80189943]
 [1.00917606 0.96701609]
 [0.99108916 1.0064143 ]
 [0.9894935  1.05169018]
 [1.04275475 0.98011732]
 [1.23362003 0.84199786]
 [1.16140233 0.88428942]
 [1.07087096 0.96858944]
 [1.05158861 0.94620054]
 [1.004592   0.97942416]
 [1.13219826 0.9062163 ]
 [1.08788983 0.91914605]
 [1.20445912 0.83466668]
 [0.93682945 1.11940361]
 [0.9855274  1.05913938]
 [0.96809702 1.03417294]
 [0.95287848 1.05770695]
 [1.0576496  0.99126357]
 [1.0672286  0.93773766]
 [1.00203852 1.01320683]
 [1.08174008 0.92842236]
 [1.12206387 0.9442399 ]
 [1.16144719 0.89956475]
 [1.20075309 0.76821882]
 [0.98090445 1.12861639]
 [1.18021945 0.84300171]
 [1.11335159 0.92877846]
 [1.29341316 0.80444126]
 [1.12316333 0.94141346]
 [1.11012258 0.95040185]
 [1.230037   0.77022872]
 [1.11051549 0.909826  ]
 [1.11692707 0.91035394]
 [1.25041389 0.80440306]
 [0.8826672  1.15756671]
 [1.04536688 0.99634179]
 [0.96224513 1.05518463]
 [1.22355568 0.84051307]
 [1.02310653 0.99422533]
 [0.97282017 1.10519979]
 [1.14420253 0.90131913]
 [1.09594726 0.89375008]
 [0.96321021 1.09981828]
 [1.03495935 0.98496126]
 [0.92850195 1.19202803]
 [1.18330152 0.84081064]
 [0.94836217 1.08914913]
 [1.14066526 0.95129315]
 [1.19598878 0.86820253]
 [0.95225714 1.08118976]
 [1.23753538 0.80331232]
 [1.19129226 0.84392097]
 [1.24950808 0.73247438]
 [1.18096475 0.84767851]
 [0.96369196 1.05616576]
 [1.08007009 0.99634255]
 [1.16206501 0.83195393]
 [1.23679738 0.79802816]
 [0.97687812 1.0719234 ]
 [1.12020426 0.97989638]
 [1.29262428 0.8124252 ]
 [1.13838553 0.93728512]
 [1.13635874 0.88746404]
 [1.19865608 0.88702669]
 [1.26640052 0.78662258]
 [1.1054789  0.93703464]
 [1.07102344 0.93973735]
 [0.99172291 1.06174001]
 [1.07804242 0.90420623]
 [0.90826293 1.12442799]
 [1.17712381 0.90281273]
 [0.99952479 1.07251731]
 [0.86790858 1.19250152]
 [1.17264611 0.90292466]
 [1.04364559 0.9964052 ]
 [1.23786201 0.84908954]
 [1.05253961 0.96904551]
 [1.08091493 0.93460759]
 [1.01086862 0.93902574]
 [1.08119226 0.96635578]
 [1.30785311 0.78998749]
 [1.03583456 1.06374903]
 [1.24725721 0.8027332 ]
 [1.36866657 0.77336966]
 [1.12764707 0.99017174]
 [1.11047008 0.92902175]
 [0.65403294 1.64503481]
 [1.15334414 0.94511263]
 [1.0266942  0.88865781]
 [1.0788308  0.9911839 ]
 [1.07608656 0.98668375]
 [0.95172589 1.08051269]
 [1.05659491 0.97561986]
 [1.19941109 0.85569633]
 [1.21546628 0.891894  ]
 [1.14247077 0.9155152 ]
 [1.09913085 0.95945457]
 [1.27771481 0.77457203]
 [1.08050441 0.90860071]
 [0.98153744 1.05512161]
 [1.21332014 0.84764575]
 [1.2139734  0.83532441]
 [1.22148366 0.82564982]
 [1.01712395 1.04462847]
 [1.11073677 0.88007959]
 [0.97585849 1.06213461]
 [1.02694797 1.04472335]
 [0.9900611  1.00602202]
 [1.41051521 0.67904145]
 [0.94354599 1.05942989]
 [1.30643378 0.68069256]
 [0.99110424 1.0417544 ]
 [0.96159655 1.03243187]
 [0.95252995 1.10224998]
 [1.03017274 0.9844682 ]
 [0.97128563 1.11368432]
 [1.17340644 0.86790723]
 [0.97934348 1.04578043]
 [1.03533085 0.96189951]
 [1.06360893 0.97637161]
 [0.97687812 1.0719234 ]
 [1.10739079 0.91541318]
 [1.02679724 1.0968507 ]
 [0.89247628 1.14492637]
 [1.06109647 0.96595717]
 [1.14727224 0.93417701]
 [1.05595752 0.94872814]
 [1.07374247 0.93918231]
 [0.81114281 1.35509589]
 [1.31417941 0.80815276]
 [1.00336385 0.98695984]
 [1.13174303 0.88649654]
 [0.94424525 1.09458211]
 [1.12288748 0.90784991]
 [0.86081148 1.24312103]
 [1.18503945 0.8657028 ]
 [1.17172864 0.8394533 ]
 [1.03064895 0.96625411]
 [0.97317712 1.06869514]
 [1.22178052 0.83254462]
 [1.22771611 0.82887336]
 [1.12547859 0.85007004]
 [0.97687812 1.0719234 ]
 [1.17784532 0.86674797]
 [0.97840851 1.02334451]
 [1.01835264 1.01002704]
 [1.03320974 1.02764877]
 [1.19502016 0.87116906]
 [1.10297732 0.8882337 ]
 [1.13965809 0.90523009]
 [1.04270639 1.03324364]
 [1.17158686 0.83251468]
 [1.02291493 1.02195354]
 [1.03735214 1.0018532 ]
 [1.18260944 0.83185858]
 [1.01726519 1.05004129]
 [1.14730739 0.94741718]
 [1.1267452  0.92943014]
 [1.13015537 0.89878732]
 [1.07643115 0.94111344]
 [1.26323122 0.79811689]
 [1.34315621 0.77892019]
 [0.99227973 1.03554423]
 [0.66923516 1.62907875]
 [1.18684641 0.86661854]
 [1.0412154  0.94891137]
 [0.99452561 1.08283986]
 [0.90000902 1.07601871]
 [1.01090622 1.03988237]
 [1.18791753 0.8146751 ]
 [0.99674699 1.125607  ]
 [1.10613871 0.91713754]
 [1.263318   0.76250376]
 [1.12597747 0.84611531]
 [1.086497   0.98809249]
 [1.06187573 0.92924002]
 [1.24831286 0.74456494]
 [1.18334544 0.83853481]
 [1.19941781 0.77807674]
 [1.15404048 0.86332102]
 [1.16181836 0.92484099]
 [1.05539663 0.95661425]
 [1.25570046 0.82882023]
 [1.25502618 0.88239786]
 [0.94862912 1.11395336]
 [1.03400193 0.99471352]
 [1.20852694 0.86763051]
 [1.02412078 0.93830834]
 [0.88409794 1.16089609]
 [1.21141826 0.83018816]
 [1.05910409 1.02014748]
 [1.09546122 0.88279456]
 [1.019189   1.0460871 ]
 [1.08662754 0.91282289]
 [1.09661104 0.91306949]
 [1.07831776 0.95813165]
 [1.04511817 0.93909287]
 [0.99427452 1.05881924]
 [0.9663849  1.07411592]
 [1.00564749 1.03160539]
 [0.92096334 1.12487293]
 [1.15656599 0.89447937]
 [1.19805605 0.87954334]
 [1.19112014 0.93332441]
 [1.28539407 0.8478166 ]
 [1.09999992 0.98431678]
 [0.92851635 1.14500411]
 [0.99512155 1.00726859]
 [0.97687812 1.0719234 ]
 [0.92690376 1.10227128]
 [0.95347661 1.0142272 ]
 [1.21871176 0.86522824]
 [1.13493637 0.92618519]
 [1.118094   0.92094364]
 [1.20825958 0.86852224]
 [1.07346946 0.95590346]
 [0.97385549 1.08763498]
 [1.23352543 0.79883012]
 [1.13078523 0.98814815]
 [1.3637318  0.80417331]
 [1.15744782 0.86905123]
 [1.07726272 0.93653143]
 [0.94712998 1.09572552]
 [0.99684971 1.08554163]
 [1.32111184 0.72924559]
 [1.02838876 0.96536289]
 [1.31069119 0.77532652]
 [1.38168506 0.72145544]
 [1.07779004 0.90692535]
 [1.05691787 0.99519436]
 [1.0090595  1.0244715 ]
 [1.18472287 0.82538563]
 [1.03263133 1.03542363]
 [1.03985812 1.12245509]
 [0.67037548 1.6090132 ]
 [1.13891967 0.88229402]
 [1.27023415 0.8196093 ]
 [1.08143502 0.93200856]
 [1.16255137 0.88159793]
 [1.20557494 0.87503774]
 [1.05101493 1.04505778]
 [1.03812257 0.98753186]
 [1.17475369 0.90268671]
 [1.25539163 0.81839408]
 [1.01197628 1.0363308 ]
 [1.22132    0.80920355]
 [1.11077257 0.91389739]]","[-201.78324412 -201.87491674 -206.73544341 -206.49603458 -204.55264782
 -198.31554407 -204.93253786 -202.86908853 -201.71990234 -198.29575063
 -205.07891833 -201.11379115 -211.22319682 -199.32112308 -197.71812307
 -204.62894255 -202.3494907  -198.76709929 -206.04649991 -205.53304602
 -202.59348966 -204.62467711 -202.1386153  -205.78085393 -205.76837782
 -201.19139296 -202.84402883 -199.19114056 -200.55851511 -209.91350683
 -209.85074789 -199.46054392 -197.37198698 -201.2867017  -208.29647189
 -202.62565128 -202.97098374 -202.98214142 -201.17063591 -200.21040675
 -201.59328344 -198.58701766 -204.14809789 -205.36411291 -201.37910638
 -207.22036017 -207.30078637 -197.71812307 -206.5478979  -200.62347267
 -200.19106183 -200.762158   -205.36752848 -203.69205404 -204.29555121
 -202.89654715 -203.64738518 -201.43242559 -206.32897008 -202.6075348
 -202.50008849 -202.68507999 -201.86696587 -201.74581033 -203.84858737
 -198.26696281 -202.0474711  -201.33668809 -200.31511609 -210.01792836
 -197.06225964 -201.78274954 -202.38151376 -204.43685739 -200.78806522
 -200.5674582  -206.59047874 -205.03115649 -204.80748117 -202.73664363
 -208.11155963 -199.51467542 -205.60228296 -202.81566535 -197.8092007
 -203.83445577 -203.34617862 -205.3675701  -202.71476506 -204.25259787
 -202.78251485 -204.24946967 -205.58508432 -197.74404553 -202.77991339
 -204.32772806 -203.77690509 -201.18517298 -205.93085947 -204.94814087
 -209.51359976 -202.46541196 -202.5054669  -200.89869329 -202.1424211
 -208.30748385 -202.92519364 -205.02157693 -203.34884913 -201.83916312
 -200.73591235 -197.71812307 -204.96516603 -201.49326227 -204.86571053
 -199.41258946 -201.46342152 -204.0778673  -203.35493769 -204.46611124
 -200.52088168 -202.01988402 -201.55910279 -200.75695758 -198.09882352
 -202.60897927 -201.79231313 -202.08687367 -203.99202558 -200.79239166
 -202.18074479 -207.67666651 -200.74830361 -203.27407221 -207.89496105
 -206.81654164 -207.11427767 -205.03888827 -203.08189412 -209.89873307
 -203.92144663 -205.17419182 -204.81081004 -202.97705102 -196.17966228
 -201.08368036 -202.80293426 -204.82683798 -198.97766463 -200.85283876
 -205.69091267 -205.58141454 -199.4824458  -201.50955191 -202.27536819
 -205.99397328 -201.35987528 -202.9222355  -200.35092636 -201.21920083
 -201.8410273  -209.61613436 -202.87460422 -213.21591426 -197.75470776
 -203.85880984 -205.81131056 -201.22004701 -203.80374736 -204.27909557
 -202.25846547 -199.80431446 -203.39554367 -197.71812307 -200.79274611
 -210.78011821 -203.98548404 -204.32446793 -204.48086098 -199.3741437
 -205.34439177 -208.39499742 -209.75955299 -198.5870926  -201.37098561
 -202.38005329 -204.33326451 -209.00532819 -200.12881868 -206.4869754
 -202.20218017 -201.60409446 -198.24438321 -198.45993529 -202.98210977
 -197.71812307 -200.36712175 -202.83635849 -202.34844393 -200.66209814
 -203.70403293 -207.53023474 -200.34104177 -203.04575782 -205.72173959
 -206.64584399 -206.81584323 -205.44831542 -203.42930163 -205.79244394
 -198.0093471  -200.8755829  -202.71627578 -203.23958959 -208.98571424
 -202.33976085 -208.58586509 -202.15069441 -203.84526235 -201.84153125
 -204.82098016 -205.1926402  -207.03626599 -208.24370902 -197.32101659
 -204.10214298 -205.4605598  -201.07585234 -206.6207582  -207.76981842
 -203.70171799 -208.22930678 -203.57075607 -203.70862007 -196.43505564
 -205.83797739 -207.66786098 -203.72127089 -197.36898529 -199.7930622
 -202.69826258 -205.02717718 -205.46088777 -201.29769995 -208.50206304
 -204.71029405 -199.55543437 -201.93288187 -200.59753765 -201.47535549
 -201.19007422 -206.15560351 -204.68105092 -206.35336888 -206.38096504
 -203.2887028  -206.98641251 -206.15634858 -200.93971388 -204.64140156
 -200.03956842 -197.71812307 -199.94187575 -202.33743091 -202.15556107
 -203.88500365 -197.92511703 -198.91610481 -201.06106089 -202.08164203
 -202.53384251 -205.48142125 -209.26350209 -201.6738299  -203.22190385
 -202.82077695 -203.38297601 -205.11083462 -199.84078218 -205.74451353
 -208.59599409 -207.45627103 -206.31691701 -203.01017834 -201.69213395
 -202.99426845 -209.65229728 -207.61057007 -203.13945936 -207.39290472
 -204.19807986 -199.36700369 -201.25653647 -202.88039051 -202.09865123
 -199.47989468 -201.00488004 -198.53653622 -204.43031817 -202.00427534]",0.2523333333333333
5,0.059158232419154286,"[[1.118094   0.92094364]
 [1.22157757 0.84164179]
 [0.98792967 1.06644615]
 [1.13077104 0.91529697]
 [1.16255137 0.88159793]
 [0.96261208 1.06694132]
 [1.11720179 0.87680852]
 [0.99540276 1.06349152]
 [1.12316333 0.94141346]
 [0.96942612 1.04187934]
 [1.11817581 0.89327079]
 [1.01826038 1.04732083]
 [0.97728146 1.0414182 ]
 [0.99310213 0.96061016]
 [1.23234825 0.84768852]
 [1.22178052 0.83254462]
 [0.96606409 1.12805149]
 [1.02257647 1.03609421]
 [1.11264447 0.88851634]
 [1.0523871  0.92142821]
 [1.00336385 0.98695984]
 [1.01958023 0.99838832]
 [1.28149124 0.78097664]
 [1.20555818 0.81917864]
 [1.05743118 1.00996735]
 [0.94680371 1.0836573 ]
 [1.08100695 0.95180626]
 [0.97502971 1.04001907]
 [1.13255431 0.93220516]
 [1.00336385 0.98695984]
 [1.01882379 1.03325334]
 [0.97687812 1.0719234 ]
 [0.95172589 1.08051269]
 [1.25331203 0.79594978]
 [1.18615597 0.82008797]
 [1.18907606 0.83674029]
 [1.0576496  0.99126357]
 [0.94827227 1.0855268 ]
 [1.16732844 0.80985076]
 [1.02014249 0.99202791]
 [1.01420132 1.01950797]
 [1.16893932 0.86113086]
 [1.14420253 0.90131913]
 [1.1511924  0.88956434]
 [1.10172284 0.93060089]
 [1.22771611 0.82887336]
 [1.14420253 0.90131913]
 [1.04599912 0.95803492]
 [1.03914097 0.97498274]
 [1.04555518 0.9421911 ]
 [0.94680371 1.0836573 ]
 [1.05539663 0.95661425]
 [0.98727428 1.04166553]
 [0.9128668  1.17825735]
 [1.14247077 0.9155152 ]
 [0.97687812 1.0719234 ]
 [1.12806757 0.97117153]
 [0.97687812 1.0719234 ]
 [0.98153744 1.05512161]
 [0.99110424 1.0417544 ]
 [1.14292093 0.83692408]
 [1.20966894 0.83447219]
 [0.97687812 1.0719234 ]
 [1.22178052 0.83254462]
 [1.05632899 0.89097241]
 [1.05632899 0.89097241]
 [1.00105971 1.0734017 ]
 [0.99887806 1.03187853]
 [1.05285663 0.96768939]
 [1.05106151 0.91947904]
 [1.04649339 0.94341885]
 [0.98251225 1.01023289]
 [1.0576496  0.99126357]
 [1.07248977 0.93431929]
 [1.22178052 0.83254462]
 [1.0576496  0.99126357]
 [1.19001338 0.88466808]
 [0.99952479 1.07251731]
 [0.92850195 1.19202803]
 [1.15554637 0.85354061]
 [0.95427385 1.08666833]
 [1.12305732 0.9036245 ]
 [1.02933651 1.0100479 ]
 [1.01500532 0.99442211]
 [1.11051549 0.909826  ]
 [1.15395394 0.86892123]
 [1.02367466 1.00677485]
 [0.97687812 1.0719234 ]
 [1.24226299 0.84849374]
 [1.08463582 0.93749502]
 [1.08982708 0.89597337]
 [1.23234825 0.84768852]
 [1.05632899 0.89097241]
 [1.03631631 0.99000077]
 [1.10591795 0.96356952]
 [1.08965153 0.92559812]
 [0.97687812 1.0719234 ]
 [1.01228401 1.05400345]
 [1.16285293 0.89118545]
 [1.06808179 0.97240738]
 [1.06975754 0.95116978]
 [1.02158471 0.95715052]
 [1.14128537 0.89364861]
 [1.02294168 0.98789538]
 [1.20445912 0.83466668]
 [0.95172589 1.08051269]
 [0.89135729 1.19308438]
 [0.97687812 1.0719234 ]
 [0.89986852 1.16077923]
 [1.17724743 0.82211109]
 [1.10955934 0.95345428]
 [0.95172589 1.08051269]
 [1.15483495 0.84189154]
 [1.11939079 0.90806049]
 [1.0499511  0.93021894]
 [1.05616612 1.01782675]
 [1.07905633 0.9582175 ]
 [1.0476126  1.01233532]
 [0.95069451 1.11394198]
 [1.07077016 0.98411542]
 [1.06232179 1.02554043]
 [0.8389703  1.09229552]
 [0.97687812 1.0719234 ]
 [0.95172589 1.08051269]
 [0.98550655 1.05765283]
 [0.97687812 1.0719234 ]
 [1.22178052 0.83254462]
 [1.15627564 0.95075955]
 [1.05848205 0.98101093]
 [1.02546894 0.94879182]
 [0.99156665 1.06632935]
 [1.01985438 1.03504099]
 [1.14738215 0.87982435]
 [0.99234567 1.02293613]
 [1.0371671  0.98128382]
 [1.00787336 0.97747999]
 [1.10792184 0.95610602]
 [1.12613703 0.86174833]
 [1.05488505 1.0109558 ]
 [1.20445912 0.83466668]
 [1.05139914 1.0269783 ]
 [1.11051549 0.909826  ]
 [0.87981774 1.15370644]
 [1.12387028 0.91169528]
 [1.22457488 0.84081217]
 [1.21934669 0.84626236]
 [0.98182578 1.02372258]
 [1.01211883 0.99585798]
 [1.22771611 0.82887336]
 [1.14420253 0.90131913]
 [1.11051549 0.909826  ]
 [1.05527563 0.91115202]
 [1.1988582  0.78706068]
 [1.10613871 0.91713754]
 [1.20888871 0.79411776]
 [1.17396268 0.91742916]
 [1.22171996 0.88407423]
 [0.99342253 1.05793753]
 [1.24650073 0.77886955]
 [0.94680371 1.0836573 ]
 [1.03533085 0.96189951]
 [1.22107522 0.85950994]
 [0.87981774 1.15370644]
 [1.20825958 0.86852224]
 [0.97687812 1.0719234 ]
 [1.03400193 0.99471352]
 [0.97687812 1.0719234 ]
 [1.02014876 1.01835231]
 [1.03400193 0.99471352]
 [1.04380563 0.94686235]
 [1.14881808 0.91115226]
 [0.9802013  1.07475268]
 [1.13516616 0.9427598 ]
 [1.15519732 0.85823783]
 [0.95172589 1.08051269]
 [1.20445912 0.83466668]
 [1.08540083 0.93774853]
 [1.12230735 0.94284932]
 [0.97687812 1.0719234 ]
 [1.05632899 0.89097241]
 [1.1010666  0.93720839]
 [1.21114635 0.79217371]
 [1.04594555 0.96169966]
 [1.18582749 0.9078278 ]
 [1.09854226 0.95297464]
 [1.19445759 0.88211661]
 [1.05371628 1.0079137 ]
 [0.95172589 1.08051269]
 [1.06377003 0.99808207]
 [1.03533085 0.96189951]
 [1.21696053 0.82005159]
 [1.13195597 0.90278051]
 [1.118094   0.92094364]
 [0.99087058 1.07286949]
 [1.06540808 0.94394047]
 [1.09765578 0.93595595]
 [1.24869882 0.79777948]
 [1.11051549 0.909826  ]
 [1.22178052 0.83254462]
 [1.12423349 0.88244425]
 [1.21990642 0.81653189]
 [1.08386978 1.02451276]
 [1.04131356 0.99471912]
 [1.13306003 0.90447771]
 [1.23513871 0.8059934 ]
 [1.20445912 0.83466668]
 [1.10613871 0.91713754]
 [1.00336385 0.98695984]
 [1.26991323 0.78389281]
 [1.13840159 0.91308687]
 [1.16521062 0.92396195]
 [1.14956193 0.88266884]
 [1.13472943 0.88995647]
 [1.0491127  0.9391538 ]
 [0.96042921 1.09284771]
 [1.07758772 0.97273144]
 [1.11051549 0.909826  ]
 [1.03120032 1.04453904]
 [1.09839282 0.89231472]
 [1.10758438 0.9286015 ]
 [1.05539663 0.95661425]
 [1.22771611 0.82887336]
 [1.10714079 0.92431918]
 [0.93515556 1.1082591 ]
 [1.18444476 0.88517822]
 [1.14420253 0.90131913]
 [1.16174662 0.86325487]
 [0.95133798 1.02524378]
 [1.14857235 0.85912404]
 [1.20370482 0.8287074 ]
 [1.02933651 1.0100479 ]
 [1.08571798 0.94709218]
 [1.08170409 0.91437196]
 [0.99172291 1.06174001]
 [1.07598175 0.9363512 ]
 [0.97687812 1.0719234 ]
 [1.02061062 1.00969745]
 [0.99684119 1.02634678]
 [1.22178052 0.83254462]
 [1.11844593 0.86815733]
 [1.22006899 0.89982356]
 [1.23446721 0.84593179]
 [1.0476849  0.979348  ]
 [0.95859968 1.01398612]
 [1.20445912 0.83466668]
 [1.1141243  0.92550268]
 [1.20174635 0.87932045]
 [1.28158511 0.81410247]
 [1.10613871 0.91713754]
 [1.09586384 0.94646406]
 [0.97687812 1.0719234 ]
 [1.0532609  0.98303342]
 [1.0985275  0.87316949]
 [0.86790858 1.19250152]
 [1.05326548 1.00535752]
 [0.99512155 1.00726859]
 [0.99110424 1.0417544 ]
 [0.963052   1.12437754]
 [0.9986936  1.07652883]
 [0.94676427 1.16188938]
 [0.97687812 1.0719234 ]
 [1.06676322 0.94247842]
 [1.18139677 0.90573592]
 [1.10855246 0.92649773]
 [1.17361391 0.87670757]
 [0.97687812 1.0719234 ]
 [1.05045764 0.98203995]
 [1.01197628 1.0363308 ]
 [0.94434789 1.13628187]
 [1.03212    0.98140697]
 [1.0576496  0.99126357]
 [0.97687812 1.0719234 ]
 [0.97687812 1.0719234 ]
 [1.22178052 0.83254462]
 [0.95172589 1.08051269]
 [1.22417148 0.81345691]
 [1.02563048 0.97068705]
 [1.05976698 0.97705135]
 [1.02295193 0.99409079]
 [1.04008727 0.97009915]
 [0.97687812 1.0719234 ]
 [0.93211048 1.1043376 ]
 [1.02254955 0.94953659]
 [0.95264047 1.09461765]
 [1.03176304 0.9884469 ]
 [1.13194539 0.92017425]
 [1.09805206 0.96415732]
 [1.12909659 0.95798199]
 [1.079081   0.97810246]
 [1.02933651 1.0100479 ]
 [0.98006267 1.07206892]
 [1.24635717 0.76360268]
 [1.10613871 0.91713754]
 [1.15960164 0.86626606]
 [1.1714506  0.8627602 ]
 [1.1583503  0.89247655]
 [1.16255137 0.88159793]
 [1.07728359 0.99463702]
 [1.0847429  0.88745159]
 [1.10613871 0.91713754]]","[-197.92511703 -205.06358118 -202.6992097  -201.18244811 -199.36700369
 -201.29688769 -204.95113975 -198.64897504 -199.51467542 -206.28098492
 -203.93834614 -200.10205923 -195.12681773 -203.50185254 -199.46054392
 -198.24438321 -201.97491818 -203.28507104 -199.09537667 -201.65887813
 -198.5870926  -203.64728641 -202.73149523 -202.06884266 -200.06808132
 -198.29575063 -201.92380544 -199.94825916 -202.71394047 -198.5870926
 -203.36933944 -197.71812307 -196.17966228 -202.14191522 -202.8993002
 -202.40900327 -197.06225964 -199.34199221 -201.29772685 -202.80444113
 -199.85643149 -201.00632687 -197.74404553 -202.72497624 -200.19106183
 -198.45993529 -197.74404553 -201.75001518 -200.13407641 -199.62010656
 -198.29575063 -196.43505564 -202.21571071 -204.0043775  -198.97766463
 -197.71812307 -198.84264407 -197.71812307 -199.4824458  -197.75470776
 -201.28880581 -200.65257369 -197.71812307 -198.24438321 -198.31554407
 -198.31554407 -200.83603213 -199.19114056 -201.5835387  -203.33788244
 -202.05388244 -200.50328566 -197.06225964 -200.04093799 -198.24438321
 -197.06225964 -206.76672237 -198.09882352 -201.18517298 -199.19591919
 -200.99167817 -204.21005323 -197.37198698 -200.25078863 -197.8092007
 -201.49725401 -199.00171959 -197.71812307 -200.25815912 -200.07448501
 -201.56154612 -199.46054392 -198.31554407 -200.4476344  -199.55602164
 -202.25786089 -197.71812307 -200.28260794 -201.29283618 -202.40069649
 -202.82106348 -200.90506064 -201.25502704 -199.7483395  -198.26696281
 -196.17966228 -200.90309702 -197.71812307 -201.17063591 -203.74263316
 -200.86417842 -196.17966228 -201.9181937  -200.49523939 -200.6873778
 -200.02867501 -199.98588651 -198.63041134 -203.50789042 -201.37509871
 -203.00094933 -210.29858554 -197.71812307 -196.17966228 -199.60980361
 -197.71812307 -198.24438321 -203.14221813 -199.65791995 -203.84147692
 -200.43184939 -207.15652871 -201.90504154 -204.55418864 -201.29129147
 -200.49733699 -204.43512755 -206.4476688  -203.13698575 -198.26696281
 -200.92889755 -197.8092007  -199.32112308 -197.50723198 -205.66951897
 -202.10851747 -198.83036205 -204.04596179 -198.45993529 -197.74404553
 -197.8092007  -198.83766808 -201.40336133 -197.32101659 -202.45355174
 -202.39010475 -201.75931812 -202.29709057 -205.95726925 -198.29575063
 -199.80431446 -202.45585997 -199.32112308 -198.91610481 -197.71812307
 -197.36898529 -197.71812307 -200.85856888 -197.36898529 -202.04233435
 -199.47482157 -197.56790969 -202.65076824 -199.16960376 -196.17966228
 -198.26696281 -200.32814465 -200.18168166 -197.71812307 -198.31554407
 -200.932203   -201.82045878 -203.65949699 -203.69962585 -199.64215252
 -203.24635636 -200.49789803 -196.17966228 -199.89855579 -199.80431446
 -199.67285955 -197.55455157 -197.92511703 -200.19792853 -199.81802179
 -194.98155223 -200.6582634  -197.8092007  -198.24438321 -199.89393721
 -202.33266317 -201.96152834 -199.30070156 -201.6631512  -202.58412765
 -198.26696281 -197.32101659 -198.5870926  -202.84439735 -200.62623275
 -199.72620231 -198.76709929 -200.4329572  -200.12619248 -200.74742689
 -202.14351097 -197.8092007  -200.23364511 -205.35893355 -200.64043201
 -196.43505564 -198.45993529 -199.41153277 -200.65658981 -201.67724191
 -197.74404553 -198.58132436 -201.13932238 -201.65957095 -199.63873228
 -197.37198698 -202.42455359 -203.10702315 -200.52088168 -200.80283056
 -197.71812307 -199.20179088 -199.09954855 -198.24438321 -203.51030732
 -202.896912   -200.84798054 -202.81098752 -201.78488205 -198.26696281
 -200.77283565 -204.65850483 -204.90187117 -197.32101659 -201.12387169
 -197.71812307 -200.81549173 -200.88336436 -202.60897927 -198.42066631
 -200.03956842 -197.75470776 -201.644703   -201.82762738 -204.90704072
 -197.71812307 -198.97260589 -200.50077298 -201.36048305 -200.93156899
 -197.71812307 -198.61465247 -198.53653622 -202.20605282 -199.51182442
 -197.06225964 -197.71812307 -197.71812307 -198.24438321 -196.17966228
 -199.88448668 -200.25789667 -201.58579741 -199.60874258 -198.60299292
 -197.71812307 -201.68843418 -200.7843465  -200.6522415  -201.39343006
 -199.22094118 -200.96654125 -197.47779943 -198.64817914 -197.37198698
 -200.18841642 -202.63464039 -197.32101659 -202.50762802 -201.70929717
 -199.02354439 -199.36700369 -201.02135326 -203.16912615 -197.32101659]",0.07291666666666667
6,0.01,"[[1.01668848 1.02910075]
 [1.05370324 1.00044236]
 [1.03561064 0.93121814]
 [1.21490743 0.80987888]
 [1.02294168 0.98789538]
 [0.93598465 1.1341701 ]
 [1.12478931 0.90995548]
 [1.22178052 0.83254462]
 [0.97687812 1.0719234 ]
 [1.10125831 0.92885956]
 [1.14833899 0.86943729]
 [1.13381487 0.84835029]
 [1.12695232 0.88406406]
 [1.07098971 0.91054292]
 [1.06307497 0.96880793]
 [1.08884535 0.96286225]
 [1.1781126  0.82705669]
 [0.9802013  1.07475268]
 [1.09495612 0.9367345 ]
 [0.97687812 1.0719234 ]
 [1.09475988 0.99330477]
 [0.95983635 1.12074422]
 [0.99684119 1.02634678]
 [1.20370482 0.8287074 ]
 [1.04989195 0.93770559]
 [0.99868716 1.03915773]
 [0.97803895 1.02924794]
 [0.97687812 1.0719234 ]
 [0.9802013  1.07475268]
 [1.10714079 0.92431918]
 [1.16973051 0.8543422 ]
 [1.22178052 0.83254462]
 [1.2213723  0.77723157]
 [1.03188788 1.02607298]
 [1.04492199 0.96442571]
 [0.99887806 1.03187853]
 [1.20445912 0.83466668]
 [1.22449358 0.81485832]
 [0.99887806 1.03187853]
 [0.92979918 1.0858867 ]
 [1.24624189 0.82275497]
 [1.10373409 0.9442605 ]
 [1.05597299 0.97575509]
 [1.10613871 0.91713754]
 [0.97133444 1.05266546]
 [1.13512379 0.89521291]
 [1.08250639 0.91935798]
 [1.1705611  0.85916229]
 [1.05845414 0.96885869]
 [1.20237228 0.83970543]
 [0.97687812 1.0719234 ]
 [1.07715547 0.91545309]
 [0.99548078 1.00766943]
 [1.07579654 0.92877992]
 [1.05045764 0.98203995]
 [1.1919806  0.85895397]
 [0.96542807 1.07930318]
 [1.27051479 0.76091182]
 [1.06845642 1.01385355]
 [1.14945534 0.91392311]
 [1.05632899 0.89097241]
 [0.97687812 1.0719234 ]
 [0.97687812 1.0719234 ]
 [0.95172589 1.08051269]
 [1.2128841  0.79160907]
 [1.09291415 0.91453365]
 [0.95172589 1.08051269]
 [1.12423349 0.88244425]
 [1.10229667 0.91651986]
 [1.12692724 0.90251027]
 [1.02933651 1.0100479 ]
 [0.92237245 1.11743361]
 [0.97687812 1.0719234 ]
 [1.0576496  0.99126357]
 [1.03414307 0.9869034 ]
 [1.22771611 0.82887336]
 [1.02937169 0.98324783]
 [1.02602773 0.99481456]
 [0.95172589 1.08051269]
 [0.94937044 1.10171222]
 [1.22178052 0.83254462]
 [1.16255672 0.88648767]
 [1.22178052 0.83254462]
 [1.08087185 0.98906714]
 [0.97687812 1.0719234 ]
 [1.2475269  0.7930278 ]
 [1.01055582 1.05210884]
 [0.99110424 1.0417544 ]
 [1.23750167 0.82401654]
 [1.16916637 0.84094647]
 [1.23986328 0.84462964]
 [1.17569653 0.90369037]
 [1.23692829 0.77016447]
 [1.08460372 0.96837853]
 [1.17118672 0.88293737]
 [1.12909659 0.95798199]
 [1.12316333 0.94141346]
 [1.07076406 0.95390215]
 [1.0480661  0.97828876]
 [0.97687812 1.0719234 ]
 [1.20394276 0.84696478]
 [1.09237048 0.92536885]
 [1.02933651 1.0100479 ]
 [1.1583503  0.89247655]
 [1.0576496  0.99126357]
 [1.10591795 0.96356952]
 [1.16078547 0.90088007]
 [1.22417148 0.81345691]
 [0.95172589 1.08051269]
 [0.97687812 1.0719234 ]
 [1.08625548 0.89254173]
 [0.93020982 1.11242765]
 [1.09534063 0.95348763]
 [1.09854226 0.95297464]
 [1.03243356 1.00004456]
 [1.08945881 0.91997007]
 [1.07916338 0.96430793]
 [1.00336385 0.98695984]
 [1.03533085 0.96189951]
 [0.95172589 1.08051269]
 [1.33339917 0.75503172]
 [1.09381134 0.89678644]
 [1.08810574 0.88574992]
 [0.97728146 1.0414182 ]
 [1.00652279 1.01295699]
 [1.12806757 0.97117153]
 [1.22417148 0.81345691]
 [1.16174662 0.86325487]
 [1.26141934 0.8323485 ]
 [0.98013026 1.07684866]
 [1.08708037 0.95440672]
 [1.17087307 0.90370139]
 [1.05743118 1.00996735]
 [0.99952479 1.07251731]
 [1.09389314 0.99295863]
 [0.94680371 1.0836573 ]
 [1.0126366  1.01997326]
 [1.16723772 0.90824729]
 [1.00434099 1.04922172]
 [1.20370482 0.8287074 ]
 [0.97447243 1.05431148]
 [0.93567093 1.1209567 ]
 [0.95172589 1.08051269]
 [1.06377003 0.99808207]
 [1.06100336 0.96605046]
 [1.118094   0.92094364]
 [0.87981774 1.15370644]
 [1.16270255 0.83774013]
 [1.1282657  0.93391163]
 [1.11264447 0.88851634]
 [0.87566061 1.16647499]
 [1.02215096 1.02604739]
 [1.1921051  0.79157527]
 [0.99768159 1.04944948]
 [1.01042531 1.0838608 ]
 [1.11051549 0.909826  ]
 [1.09158732 0.97658267]
 [1.08343597 0.92814554]
 [0.94032145 1.11188005]
 [1.03212    0.98140697]
 [1.22178052 0.83254462]
 [1.06377003 0.99808207]
 [0.95172589 1.08051269]
 [1.15419164 0.88546058]
 [1.09451696 0.92166734]
 [1.19750304 0.81252345]
 [0.98476039 1.01437603]
 [0.87708966 1.17186825]
 [1.14420253 0.90131913]
 [1.10613871 0.91713754]
 [1.02213798 1.03323825]
 [1.05004071 0.99317637]
 [1.33599714 0.77912767]
 [1.05984958 1.00890532]
 [0.92588159 1.14666649]
 [1.26191303 0.79706944]
 [0.97687812 1.0719234 ]
 [1.16255137 0.88159793]
 [0.98485676 0.99616103]
 [0.97687812 1.0719234 ]
 [1.22554179 0.79326494]
 [1.08987376 0.98130762]
 [0.98153744 1.05512161]
 [1.22178052 0.83254462]
 [1.16521062 0.92396195]
 [0.976306   1.06601856]
 [1.08386978 1.02451276]
 [1.00336385 0.98695984]
 [0.93706183 1.1045821 ]
 [1.06842788 0.97463799]
 [1.06377003 0.99808207]
 [1.02866929 0.97088047]
 [1.0336486  0.9656824 ]
 [0.89135729 1.19308438]
 [1.10885934 0.89046373]
 [1.00978339 1.00833841]
 [1.01907329 1.0418564 ]
 [1.06676322 0.94247842]
 [1.05339775 1.03439583]
 [0.97438326 1.03870382]
 [1.15365675 0.83453986]
 [1.0519808  0.99894922]
 [1.01715096 0.99607734]
 [1.0770633  0.96496034]
 [1.1988582  0.78706068]
 [1.02878574 0.99444533]
 [0.97687812 1.0719234 ]
 [0.95860974 1.06512067]
 [1.23234825 0.84768852]
 [1.15038373 0.9016552 ]
 [1.06704504 0.93505014]
 [0.98053885 1.09512784]
 [1.20445912 0.83466668]
 [1.11640351 0.92708285]
 [0.97687812 1.0719234 ]
 [1.00138299 1.07251183]
 [1.22713593 0.84565113]
 [1.10613871 0.91713754]
 [0.97023463 1.05639192]
 [1.17793423 0.89550524]
 [0.95172589 1.08051269]
 [1.18022169 0.8640144 ]
 [1.00522614 1.02135568]
 [1.13901922 0.92738912]
 [0.99110424 1.0417544 ]
 [1.02933651 1.0100479 ]
 [1.07455651 0.90947995]
 [1.00803648 1.04050664]
 [1.20445912 0.83466668]
 [1.10613871 0.91713754]
 [1.00904663 1.00684198]
 [1.10703906 0.93510143]
 [1.21869663 0.83929999]
 [0.9510884  1.14045003]
 [1.22771611 0.82887336]
 [0.95172589 1.08051269]
 [1.1836895  0.83105823]
 [1.05725544 0.99451962]
 [1.24938479 0.78078323]
 [0.98677063 1.02407906]
 [1.05665402 0.92847129]
 [1.15910384 0.85316883]
 [0.97728146 1.0414182 ]
 [1.118094   0.92094364]
 [1.1049437  0.98551994]
 [1.19155461 0.90302941]
 [1.04075955 1.01815424]
 [1.22178052 0.83254462]
 [1.00828719 1.060603  ]
 [1.15315763 0.86085022]
 [0.98854754 1.05595053]
 [1.16780478 0.89772911]
 [0.97687812 1.0719234 ]
 [1.2196258  0.81554687]
 [0.93634236 1.08110976]
 [1.02131844 0.97212694]
 [1.23234825 0.84768852]
 [0.89986852 1.16077923]
 [1.1198547  0.93497137]
 [0.97687812 1.0719234 ]
 [1.18296457 0.9328211 ]
 [1.06356413 0.96166228]
 [1.04074186 0.96258202]
 [0.9802013  1.07475268]
 [0.89986852 1.16077923]
 [1.0576496  0.99126357]
 [1.07987853 0.94071508]
 [1.17223255 0.8596155 ]
 [1.20445912 0.83466668]
 [0.98706874 1.05797272]
 [0.98250377 1.06351623]
 [0.97687812 1.0719234 ]
 [1.25282256 0.80148117]
 [1.16609566 0.89855109]
 [0.93981003 1.00155532]
 [1.20825958 0.86852224]
 [1.04118963 1.00456122]
 [1.03719959 0.99521331]
 [1.05632899 0.89097241]
 [1.06991777 0.9393292 ]
 [0.95664712 1.08170783]
 [1.03533085 0.96189951]
 [1.22178052 0.83254462]
 [0.99435227 1.03851033]
 [1.17866772 0.82667323]
 [1.10591795 0.96356952]
 [1.10287071 0.94228055]
 [1.13684352 0.88923874]
 [1.0576496  0.99126357]
 [1.02933651 1.0100479 ]
 [1.10153816 0.95896171]
 [0.95172589 1.08051269]
 [1.04810598 0.97253994]
 [0.99110424 1.0417544 ]
 [0.97145019 1.04711033]
 [1.11264447 0.88851634]
 [1.179235   0.88399058]
 [1.17921335 0.92175687]
 [0.97687812 1.0719234 ]
 [0.95172589 1.08051269]]","[-201.57603767 -203.95141152 -203.92611673 -201.62247715 -199.7483395
 -204.70815753 -201.57603743 -198.24438321 -197.71812307 -198.29448869
 -201.74130541 -202.26220049 -203.40134616 -198.38042099 -197.11038885
 -196.91708819 -201.99715444 -197.56790969 -200.75297094 -197.71812307
 -202.25926032 -202.4235262  -199.09954855 -199.63873228 -205.23088868
 -201.99303151 -198.25235637 -197.71812307 -197.56790969 -199.41153277
 -205.18702126 -198.24438321 -203.66821785 -198.50639089 -198.8505969
 -199.19114056 -198.26696281 -200.04519296 -199.19114056 -203.54739522
 -201.60030999 -200.40243821 -199.80366474 -197.32101659 -200.06997481
 -202.09584474 -200.6693443  -201.20126432 -200.42561242 -202.70828181
 -197.71812307 -203.50820724 -203.48165023 -199.14285675 -198.61465247
 -200.78739759 -203.18487631 -205.63624141 -203.47864788 -200.92888499
 -198.31554407 -197.71812307 -197.71812307 -196.17966228 -202.3996794
 -200.54810596 -196.17966228 -199.89393721 -198.97546512 -200.35294343
 -197.37198698 -200.24711872 -197.71812307 -197.06225964 -198.36346498
 -198.45993529 -201.14244649 -198.62154547 -196.17966228 -198.45185281
 -198.24438321 -200.13035162 -198.24438321 -201.24982752 -197.71812307
 -205.55167906 -198.02053702 -197.75470776 -197.78112355 -201.21479511
 -201.44024455 -204.05541917 -202.86907678 -201.5232091  -200.69531312
 -197.47779943 -199.51467542 -203.51484682 -201.65427425 -197.71812307
 -200.14875827 -199.44334548 -197.37198698 -199.02354439 -197.06225964
 -199.55602164 -202.34676103 -199.88448668 -196.17966228 -197.71812307
 -201.91834562 -201.32580107 -198.19366406 -199.64215252 -202.11441192
 -199.24492712 -204.110921   -198.5870926  -199.80431446 -196.17966228
 -204.51693861 -199.71922035 -201.16372685 -195.12681773 -201.50471451
 -198.84264407 -199.88448668 -198.58132436 -201.11377553 -200.63363286
 -199.42971923 -200.06936033 -200.06808132 -198.09882352 -203.01566256
 -198.29575063 -202.79077423 -200.09750599 -200.30586569 -199.63873228
 -201.57974798 -203.91438138 -196.17966228 -199.89855579 -199.58966755
 -197.92511703 -199.32112308 -202.10909776 -199.91074962 -199.09537667
 -198.02165125 -197.82867479 -201.40336133 -202.19877028 -200.25965221
 -197.8092007  -201.30698246 -199.92267265 -199.89815016 -199.51182442
 -198.24438321 -199.89855579 -196.17966228 -200.02895691 -197.49526364
 -200.47853903 -201.25749141 -199.65263013 -197.74404553 -197.32101659
 -203.21010594 -198.40280277 -205.37975867 -201.87256801 -203.30431775
 -202.63464039 -197.71812307 -199.36700369 -201.6406836  -197.71812307
 -201.75777391 -202.8750917  -199.4824458  -198.24438321 -199.72620231
 -204.35932529 -201.96152834 -198.5870926  -203.05189399 -204.1102907
 -199.89855579 -199.75967352 -200.90506064 -200.90309702 -200.86399898
 -200.57562408 -200.51814158 -198.97260589 -201.09860595 -198.73251958
 -203.03824272 -203.01998233 -198.39279915 -202.35794064 -201.40336133
 -198.96097373 -197.71812307 -202.47344476 -199.46054392 -204.70022945
 -199.52245471 -197.77248824 -198.26696281 -199.93963657 -197.71812307
 -202.67545886 -201.46564256 -197.32101659 -201.70682258 -201.95066766
 -196.17966228 -201.00004341 -199.99467452 -199.79282955 -197.75470776
 -197.37198698 -203.51133709 -199.50230566 -198.26696281 -197.32101659
 -204.36288614 -198.15975181 -197.79609215 -198.99643521 -198.45993529
 -196.17966228 -202.28187372 -197.5287642  -201.591497   -199.67425064
 -199.88542549 -200.8338916  -195.12681773 -197.92511703 -197.83537481
 -203.03610975 -198.00758805 -198.24438321 -197.88349234 -203.43103087
 -199.83955863 -203.52020184 -197.71812307 -202.81004698 -203.31930952
 -200.04469399 -199.46054392 -201.17063591 -201.11384889 -197.71812307
 -202.33598587 -197.76098572 -203.26145444 -197.56790969 -201.17063591
 -197.06225964 -199.48312141 -199.86437731 -198.26696281 -200.72676011
 -203.12601464 -197.71812307 -203.37707868 -202.84697646 -206.99979493
 -198.91610481 -199.17202648 -205.62412071 -198.31554407 -199.54657837
 -199.94421238 -199.80431446 -198.24438321 -199.36298192 -204.34035808
 -199.55602164 -198.53254995 -201.26590106 -197.06225964 -197.37198698
 -203.47500003 -196.17966228 -200.61162082 -197.75470776 -198.87740481
 -199.09537667 -201.86702379 -200.44227122 -197.71812307 -196.17966228]",0.06125
